step,inner_opt_step,loss,perplexity,lr,grad_norm,tokens_per_second,moe_routing_entropy,c4_loss,nemotron_loss,aux_loss,expert_group_name
0,0,4.512679642952608,91.16578324394678,0.001,0.3249235574152197,4551.379367962326,2.330366075764622,4.614662479564774,4.351471866838343,0.0406458479745322,group_0
1,1,4.514051462382461,91.29093205789952,0.000999996173684029,0.6916593087452224,4401.360966615418,2.3130325692429774,4.595398610452423,4.343166872169092,0.05126147369645998,group_0
2,2,4.525527757208194,92.34464852454698,0.0009999846947952701,0.7936083189765566,4459.972933643239,2.3409735275049584,4.632597263535133,4.380730837362969,0.04741788666432007,group_0
3,3,4.492163801562948,89.31449578806871,0.0009999655635111854,0.8274776286687433,4456.874435163676,2.2956518610897483,4.573304414068104,4.319686583740029,0.045952831779662764,group_0
4,4,4.473922734023616,87.70007319843903,0.000999938780127542,0.33696302366383424,4554.337401534984,2.303459112641416,4.563376174576618,4.281218699674058,0.05201698421541082,group_0
5,5,4.426408188048102,83.63049180059589,0.0009999043450584072,0.3504954396987758,4653.912195627065,2.3029458217018126,4.513458246910138,4.258903007935224,0.05721648793052792,group_0
6,6,4.453205149737558,85.90183147172132,0.0009998622588361424,0.47010864135101,4551.362649111726,2.3122288491564307,4.552671047471079,4.318007819565803,0.05036276608086786,group_0
7,7,4.458828041963177,86.38620873643919,0.000999812522111395,0.4148831191101938,4579.611486256384,2.289505226958153,4.54991964075516,4.320554695438305,0.04507391351111631,group_0
8,8,4.411883104542387,82.42453146339167,0.000999755135653088,0.6461686516559848,4576.985415556655,2.3279955789673963,4.527129572609875,4.2504067439604665,0.05742566131897336,group_0
9,9,4.4258123226855,83.58067413106043,0.0009996901003484079,0.2195521637801563,4535.946777901323,2.3270076096753147,4.533605512147775,4.283942900763689,0.055506912454841704,group_0
10,10,4.325572495700017,75.60878617662041,0.0009996174172027916,0.5569680028994454,4437.391109655248,2.285261864471513,4.418408218617029,4.1907583855117325,0.04983785865626459,group_0
11,11,4.406605944726355,81.99070971820854,0.0009995370873399107,0.3322775505155863,4560.531844738417,2.310753895244742,4.488744210008651,4.2539593592205245,0.050968947538819746,group_0
12,12,4.399382861873337,81.40061773594215,0.0009994491120016535,0.5887604926885807,4405.098662986022,2.244322330537232,4.51391293374864,4.244432083852418,0.0450848673821041,group_0
13,13,4.351844241572009,77.6214837694791,0.000999353492548107,0.48209250105568885,4546.701310239661,2.2880360016007297,4.424671888866875,4.174538444623979,0.04567004078862512,group_0
14,14,4.366775310270371,78.78915104333022,0.0009992502304575347,0.6377170720785232,4478.50947948582,2.2483202284197406,4.4875103184910445,4.224619246398282,0.04875549865589035,group_0
15,15,4.3546807162717975,77.84196769506266,0.0009991393273263544,0.4688911839486777,4524.421253867241,2.296042135849954,4.428222759599831,4.1914913688909605,0.04851403976566275,group_0
16,16,4.290551560335162,73.00672501038076,0.000999020784869113,0.4540813130894025,4415.796621047502,2.255576654685879,4.380047483074351,4.149053734602291,0.040657624718827265,group_0
17,17,4.340164073628121,76.72012605512498,0.000998894604918461,0.491862700584817,4485.258069002879,2.2743281248438287,4.415644866067617,4.20304587780791,0.04529561807243473,group_0
18,18,4.307716196158224,74.27067544987962,0.0009987607894251225,0.8635844870760423,4488.297055087307,2.2856563375667966,4.412952202330015,4.161858285226911,0.04421823969079862,group_0
19,19,4.280213217492587,72.25584457501041,0.000998619340457867,0.6822304410939463,4538.697632338819,2.2951746354536553,4.383893967857009,4.131504792660296,0.0460868804435347,group_0
20,20,4.316976741797454,74.96165692420401,0.0009984702602034762,0.6837601773911322,4536.015425886336,2.240330887956921,4.440697571453716,4.181933439432386,0.05761485964619032,group_0
21,21,4.258804653668388,70.72539156868552,0.00099831355096671,0.6263792348682149,4428.990827132937,2.288416832304875,4.336895213890427,4.093962654359148,0.04813650664447897,group_0
22,22,4.257422193808475,70.62768410764812,0.0009981492151702723,0.1700869729514674,4461.016908323051,2.2835536815465414,4.321197476663131,4.111008038064852,0.046626152569640984,group_0
23,23,4.2923990168582895,73.14172642695948,0.000997977255354771,0.4434618876687115,4438.826662284088,2.256712118996101,4.390585470403972,4.122572010041961,0.05554570676263281,group_0
24,24,4.20202259084903,66.82134669853299,0.0009977976741786818,0.44723306878780444,4504.718457715862,2.29222058642255,4.27152452372963,4.083901910784365,0.04974848557056445,group_0
25,25,4.256149633250559,70.53786326590743,0.0009976104744183049,0.6408652140422467,4588.603219225229,2.2820226395645853,4.336648539937766,4.119507432701623,0.0413732912112634,group_0
26,26,4.214446237037455,67.65668972650025,0.0009974156589677226,0.4147164830461741,4490.534341549174,2.2716042478753335,4.324904081276222,4.064121705828179,0.0494457941118691,group_0
27,27,4.285896938840071,72.66769597687724,0.0009972132308387555,0.48362168602993477,4531.412433965923,2.269197469797303,4.383884416789182,4.1309217757235706,0.041805084095516656,group_0
28,28,4.11122423955494,61.02137664298541,0.0009970031931609141,0.5978313690075114,4535.6032065123845,2.2432041644362117,4.208972155505856,3.9697607071321213,0.04752385445651091,group_0
29,29,4.248415308297425,69.99440486098786,0.0009967855491813523,0.5204494564781905,4434.034868095961,2.264449845878934,4.3492661883543144,4.06205141861418,0.045660090106006364,group_0
30,30,4.209605614950441,67.32998063544038,0.0009965603022648161,0.49315604220413134,4585.897122511462,2.236867871154569,4.312234429164523,4.056276839291941,0.046709546986909614,group_0
31,31,4.185420124211263,65.72110614540188,0.0009963274558935917,0.3994987798612147,4577.306404398083,2.2430180622848397,4.272521465267316,4.059447715004819,0.04950576139306528,group_0
32,32,4.131800108477368,62.2899507417922,0.0009960870136674525,0.3486514352100635,4492.80281275607,2.271488180700782,4.218753398446259,3.976625348312666,0.05337084576526641,group_0
33,33,4.144593469421907,63.09196787335228,0.0009958389793036015,0.4419796015462333,4408.216061979439,2.2545844000343007,4.25244511932543,3.9892072916069545,0.05118158279159887,group_0
34,34,4.194243393409777,66.30354689412262,0.0009955833566366163,0.7288936480491399,4394.8832983167185,2.240068593106512,4.3008559815705585,4.022097912474718,0.050415625324831084,group_0
35,35,4.1759456662105325,65.10137473095523,0.000995320149618388,0.5641299978967818,4407.622583564115,2.2425880374543756,4.244399238798616,4.023736894635416,0.03985952008644204,group_0
36,36,4.146962747874873,63.24162753608766,0.000995049362318061,0.45486805410081255,4415.421640950815,2.279144684523278,4.258520903850543,4.009236131232793,0.056809736531224155,group_0
37,37,4.122645943753485,61.722340235842346,0.00099477099892197,0.5975487263010059,4435.843704512286,2.2713783627053563,4.205543327403845,3.96109076986559,0.04055716842778763,group_0
38,38,4.104589879849872,60.6178788354213,0.0009944850637335744,0.4479996990059627,4332.421426102464,2.2505259993811855,4.208290000873419,3.9728167463811106,0.05508969483410501,group_0
39,39,4.138264854227093,62.69394388557635,0.000994191561173393,0.6638038210341545,4485.775584414586,2.2238221116255024,4.236018288329079,3.933732499202248,0.049039036625912164,group_0
40,40,4.125184844803429,61.8792462504098,0.0009938904957789354,0.5391624897811655,4491.805696250376,2.248893010535609,4.241729466132473,3.967174722907516,0.04707302745952377,group_0
41,41,4.130237699529082,62.19270435446034,0.0009935818722046307,0.42788825881232057,4525.052278193553,2.2585455201505473,4.209340497514091,3.955955707616817,0.046139286521101004,group_0
42,42,4.086434556043091,59.52727173581517,0.0009932656952217572,0.6344264064934135,4410.109818087848,2.208499918566244,4.229095100385566,3.900782637309599,0.05030967664324679,group_0
43,43,4.05409483322241,57.63297192743331,0.0009929419697183675,0.2808967390939655,4570.949806989722,2.255262024129148,4.13388925645114,3.87554511894578,0.050579393323443474,group_0
44,44,4.05064230157615,57.43433536480695,0.0009926107006992136,0.6156828016016836,4546.0603141310785,2.25559208881102,4.140491143716451,3.8835182217897097,0.060869347936426545,group_0
45,45,4.029471464257281,56.231183201475154,0.0009922718932856684,0.4979598939155349,4408.5313426336,2.2608262928823017,4.091653943932077,3.9198355108691763,0.06006244839239943,group_0
46,46,4.077388499148404,58.991212913729875,0.0009919255527156485,0.4144495249368707,4429.248902925567,2.249803380640944,4.193591400419936,3.9285270981514597,0.06023428752848273,group_0
47,47,4.012422199738977,55.28060920441103,0.0009915716843435314,0.548851895433847,4354.444421835677,2.261779913216958,4.098018308388819,3.8646324044666023,0.048188838912081956,group_0
48,48,4.032875389041996,56.422916056628075,0.0009912102936400734,0.6601428642833607,4468.636417715388,2.2556086186699376,4.144447699688266,3.890216827445662,0.04997952606237044,group_0
49,49,3.9487414719236242,51.870045830293805,0.000990841386192325,0.4769059478353569,4413.251094687589,2.2463181521758373,4.0306742269563784,3.817055293180679,0.049832189230118486,group_0
50,50,3.992848737769315,54.2090971127051,0.0009904649677035446,0.3974054937022701,4518.495535266338,2.2272916584514255,4.095397105065518,3.843822816317859,0.05167872087069114,group_0
51,51,4.010482234601097,55.17347070583079,0.0009900810439931104,0.2633085011403544,4410.589030219313,2.253971031194931,4.116974305470978,3.8715299865577473,0.0548364432503408,group_0
52,52,3.903206201195669,49.56109749033669,0.0009896896209964303,0.4845036274928042,4458.663799644376,2.2423586531829662,3.9763299273216908,3.746967847025246,0.05010983980540433,group_0
53,53,3.981766267782869,53.61164316864828,0.0009892907047648499,0.538800293644357,4582.045177745854,2.2708445215709827,4.075386258679302,3.811488313918463,0.044218059567048135,group_0
54,54,3.9822868720882885,53.639560887314204,0.000988884301465559,0.5047064301318849,4483.160494049786,2.255463652358658,4.071164416417797,3.799693071283433,0.04486318271067526,group_0
55,55,3.927630596125155,50.786501264049605,0.0009884704173814974,0.5850987110019785,4546.63330017962,2.2340643696213083,4.019410971755324,3.793744888356176,0.04144654977958784,group_0
56,56,3.9168908813649845,50.24398716466829,0.0009880490589112554,0.4491703131689303,4463.527840751611,2.2152285032889685,3.9941791074180624,3.7329624643000727,0.04980826680361657,group_0
57,57,3.944859103550457,51.66905761245199,0.0009876202325689773,0.21360931929641824,4604.664802196043,2.2661056472293324,4.0397155549559685,3.7975673866795003,0.04129123683203975,group_0
58,58,3.900006639335657,49.402777106060924,0.0009871839449842597,0.34207457450410605,4451.78708421413,2.2367648414163943,3.970451453040352,3.724007122835534,0.04389507408239506,group_0
59,59,3.921437199088747,50.47293232841645,0.0009867402029020483,0.5896761756271627,4568.285165999164,2.2340912249746387,3.989576213388554,3.747109087666948,0.05909515749075159,group_0
60,60,3.900795371725693,49.441758047266816,0.0009862890131825347,0.4058673711448171,4544.755021730961,2.242384293305235,4.030252486445863,3.7732128487287135,0.04782424229146236,group_0
61,61,3.882562440255212,48.548458344370346,0.00098583038280105,0.37457987389388364,4440.57943683098,2.2263328210817863,3.9505281615378567,3.7123965045937015,0.045727351387615064,group_0
62,62,3.8931809217544875,49.066715935896504,0.000985364318847957,0.33382883602532354,4582.843766475825,2.2231502763996382,3.9681749567677076,3.7179655513596432,0.03910640135396421,group_0
63,63,3.8852708178505155,48.680124121072524,0.0009848908285285402,0.6052236807816158,4499.661158945194,2.231258321427847,4.000378082228539,3.7156652998961763,0.046057291192568864,group_0
64,64,3.8505766100142313,47.02016771604563,0.0009844099191628948,0.48315352181681925,4505.742382118241,2.203508493512526,3.963525557070308,3.7247868068606174,0.051079531640075684,group_0
65,65,3.869614423065248,47.92390416587855,0.0009839215981858136,0.5399546690344299,4598.11524935919,2.2201416479504306,3.960959190072345,3.7375327802156777,0.046295036500702214,group_0
66,66,3.808262368711231,45.0720521743504,0.0009834258731466715,0.4222994275348304,4615.268422278775,2.22778785601303,3.88649961166815,3.6575755748142997,0.046934975094826886,group_0
67,67,3.82229202025399,45.70885396914826,0.0009829227517093098,0.6519536371344613,4468.106735708296,2.225752116106958,3.915698098987248,3.669793052958071,0.047242698420654594,group_0
68,68,3.805803825803122,44.961376706064584,0.0009824122416519164,0.4958885007576848,4429.165523173756,2.222353189877621,3.915819010365638,3.6606912308343036,0.05281690947052899,group_0
69,69,3.830245404027326,46.07384355373474,0.0009818943508669068,0.48876051798902337,4627.638928181495,2.2111710857807294,3.9248732027193554,3.6602999964900977,0.04310446724084591,group_0
70,70,3.8116110327288357,45.223236324852756,0.0009813690873608013,0.2933600977789371,4512.567144557365,2.210197919336875,3.9555838133687033,3.657543648113507,0.04976597215434914,group_0
71,71,3.8086486441519516,45.08946576417274,0.0009808364592541014,0.4521496795121253,4501.905244527252,2.2435777227296088,3.925334267734626,3.70509099869429,0.041334903146423095,group_0
72,72,3.7597786567974767,42.93892068861804,0.0009802964747811648,0.27375572876778653,4536.15217157384,2.21360860465587,3.826211341280575,3.626268358005758,0.049472801646392964,group_0
73,73,3.7956155644176532,44.505624053786015,0.0009797491422900767,0.5523567375687686,4607.396349775146,2.241885796318024,3.887488458372031,3.6514866764751144,0.05483264271662276,group_0
74,74,3.750925051628452,42.56043439490272,0.0009791944702425223,0.5451020630633321,4399.959016164074,2.217513755241854,3.821897709024971,3.6143221644381303,0.05495805665319251,group_0
75,75,3.7495545388458527,42.502144728022124,0.0009786324672136552,0.6098200612711463,4473.674400945131,2.2412560653663185,3.82737075385377,3.6141906546146156,0.04126189797324954,group_0
76,76,3.773242305744287,43.520944533365686,0.0009780631418919651,0.29667985992127976,4571.025322295196,2.2284888392696485,3.888234983280243,3.6314864345577478,0.05224549117163588,group_0
77,77,3.733198976268317,41.81265213003506,0.000977486503079143,0.7029937517001746,4374.4024073574365,2.1913686236916865,3.825620262755383,3.5892637902438405,0.04124838398610798,group_0
78,78,3.7215853547205477,41.32986469393964,0.0009769025596899458,0.3421829829831108,4620.181974116019,2.2066845312624426,3.832601908821509,3.5739123803786867,0.05459176935274024,group_0
79,79,3.6710512018114136,39.29318922962099,0.000976311320752058,0.36797366828798594,4441.873770017967,2.2020368515969997,3.7661433441301657,3.5225490619490953,0.038236463797399936,group_0
80,80,3.658685474844234,38.810292219575416,0.0009757127954059523,0.46379661576368797,4529.2324234634625,2.221533003660742,3.7474479664158844,3.497570542138336,0.056381685573892525,group_0
81,81,3.707633193007375,40.757227788727725,0.0009751069929047482,0.5661787201834708,4446.7465938913465,2.2225816604478483,3.802667605637336,3.546092025898323,0.04683475886804672,group_0
82,82,3.6741625526178687,39.41563451195508,0.0009744939226140691,0.44715189140560735,4624.365597936846,2.2003052681979,3.760898587144969,3.5270674248970804,0.03927761366757443,group_0
83,83,3.6119228172325366,37.037200157941754,0.0009738735940118973,0.6951866792481206,4474.048129598413,2.2020677141415734,3.7145337531798495,3.4791999125913184,0.046029474216552756,group_0
84,84,3.658849517446267,38.816659283117346,0.0009732460166884279,0.5138153726888669,4456.283173039216,2.2155031328860253,3.7377993962942537,3.518689689955735,0.05047406399508076,group_0
85,85,3.6399791114531332,38.09104105059261,0.0009726112003459198,0.39072117021406627,4444.699906247253,2.205987075261507,3.7488892676853953,3.4526885259745095,0.04581279569344662,group_0
86,86,3.5950861572769504,36.41883760059039,0.0009719691547985466,0.28102224383797847,4537.897162209903,2.2074632832935466,3.704846545741512,3.4586939100045933,0.05046502297280198,group_0
87,87,3.611743102691728,37.03054463258779,0.0009713198899722441,0.5629193857850566,4440.851709198459,2.211598435193686,3.703412917482312,3.4465303417038813,0.0522504542402757,group_0
88,88,3.6610171555916837,38.90089101343159,0.0009706634159045572,0.41525353956607347,4463.329190978064,2.1714959352692795,3.767958756577759,3.517772252986809,0.05188570535111033,group_0
89,89,3.570550533375447,35.53615160483725,0.0009699997427444848,0.37125823411548653,4374.940958805175,2.1983922972927084,3.6504633117720826,3.3978281598566173,0.05047877129982656,group_0
90,90,3.5298359109914594,34.11836870611324,0.0009693288807523226,0.4334563689061705,4590.275789167154,2.200305341659816,3.6180963611579573,3.3549223533490617,0.040546428045026714,group_0
91,91,3.571273199782306,35.561841669386396,0.0009686508402995049,0.34541124068499407,4622.475918022878,2.183828807174336,3.62290640828563,3.40243232409184,0.04875082985304556,group_0
92,92,3.565840175385038,35.3691572196106,0.0009679656318684438,0.6985033558318166,4428.004059587046,2.2119170016097853,3.6476154420427456,3.39003890543126,0.04608857963900794,group_0
93,93,3.573514568050466,35.641638246212715,0.0009672732660523675,0.3783603327257186,4535.846789368589,2.2088441909795113,3.6349886104573703,3.436351448249392,0.056100327379068324,group_0
94,94,3.5509180088534533,34.84529109505563,0.0009665737535551561,0.30712621231902837,4441.735240984686,2.2235184169748914,3.6419297438703246,3.447010486425251,0.05804063320422234,group_0
95,95,3.563196630994718,35.2757807592401,0.0009658671051911769,0.37094236954903326,4475.278684440208,2.174912273045619,3.655226449550008,3.4071078285202563,0.04253488998765191,group_0
96,96,3.490211450604549,32.79288104769888,0.0009651533318851163,0.42297293355511145,4527.395952082589,2.1967451432224516,3.6164982274813333,3.347657704562871,0.05558287005165576,group_0
97,97,3.504754395640347,33.27327078840921,0.0009644324446718117,0.5674868666025608,4459.949127185665,2.1783283792715764,3.5997969544713166,3.309267996604652,0.047150797283492155,group_0
98,98,3.5260621378324224,33.98985636279178,0.00096370445469608,0.3219303809230947,4576.257884762156,2.1840418888277835,3.63190424519566,3.3830816501723335,0.04710994356488087,group_0
99,99,3.474778699781751,32.2906818109217,0.0009629693732125462,0.6600746371038716,4510.039325324759,2.1791987766318415,3.562101295811156,3.33857224241112,0.05149319854266421,group_0
100,100,3.4767178243424377,32.353358214139334,0.0009622272115854692,0.5297682460303725,4615.261114542992,2.1892768473362634,3.5824789312127803,3.316177239362926,0.04827898003818529,group_0
101,101,3.4433391965847586,31.291271617143543,0.0009614779812885653,0.5131688699492133,4461.781819965367,2.2060172955175275,3.5849391100168635,3.2904829817467043,0.04946349732399357,group_0
102,102,3.4839214766651434,32.5872620275714,0.0009607216939048322,0.2908893029600388,4405.138279252102,2.2326381688759067,3.594006890766526,3.310648757431733,0.05262830090954193,group_0
103,103,3.468322801504496,32.082887923659655,0.0009599583611263688,0.7194488857803505,4518.520443992032,2.2056420428621646,3.586646031225742,3.3391522085389287,0.06057206370579284,group_0
104,104,3.498667609075756,33.07135861236066,0.000959187994754195,0.5215902361159604,4462.476401400058,2.199909525263658,3.593562290681056,3.351940086952967,0.05475722898473705,group_0
105,105,3.418116814329266,30.511901308216956,0.0009584106066980688,0.326660707710851,4476.933555088797,2.213529741104027,3.53889718784483,3.285632073185797,0.0568799651843939,group_0
106,106,3.368297532121227,29.029063916171033,0.0009576262089763028,0.26852749370177276,4534.395204521887,2.163081220242845,3.425038888042343,3.205065137365381,0.05325714375865573,group_0
107,107,3.4406885103098817,31.208438104272332,0.0009568348137155777,0.4487249748215683,4549.00848369405,2.1628252100186844,3.536382576229419,3.2936797229211265,0.04833897688565493,group_0
108,108,3.4356668153081933,31.052111686940165,0.0009560364331507559,0.5828426603186,4463.338367456235,2.1924277290978984,3.5217772247170047,3.305411910484861,0.041308232489864725,group_0
109,109,3.4075644444240214,30.191621267823443,0.0009552310796246907,0.7044627146361702,4423.025504384403,2.167225176469352,3.491530500485215,3.257127621286041,0.049180061915178944,group_0
110,110,3.346269347126208,28.396597939421124,0.000954418765588037,0.681009270020955,4531.144832782694,2.1921249882771505,3.4309268713291203,3.177725465887708,0.05045354834830403,group_0
111,111,3.4177594225743237,30.500998554654945,0.0009535995035990584,0.5286918773394993,4562.008388428182,2.1897156813263674,3.5108198592745476,3.279247244598956,0.04641439630595417,group_0
112,112,3.381196409901917,29.40593162367365,0.0009527733063234321,0.6913920036553093,4478.35596093498,2.203420233869006,3.489514682404535,3.224232038234015,0.05130847560833897,group_0
113,113,3.35057541043599,28.519139133652544,0.0009519401865340548,0.5031907051978975,4535.0654000348895,2.179169996477046,3.442905511277621,3.1845479788893933,0.050272176484807744,group_0
114,114,3.3635632177732124,28.891956014408095,0.0009511001571108437,0.5814185539781853,4487.397246577563,2.168400194479242,3.45263790691784,3.23571709872283,0.04445171189114104,group_0
115,115,3.347966878450303,28.444842991078936,0.0009502532310405383,0.7446626734413169,4506.809592055552,2.117099652712274,3.4481533473211208,3.1946565334463775,0.050194934306298,group_0
116,116,3.271609007725698,26.353708568607296,0.0009493994214164992,0.5138991568674512,4533.640270567194,2.1743295495255426,3.352472714865312,3.128115898650019,0.04943698592886412,group_0
117,117,3.320356098897312,27.67020213281317,0.0009485387414385058,0.6109827192274633,4528.749698801529,2.165854850938335,3.405542987589335,3.1998196530477006,0.04594218255038875,group_0
118,118,3.32298961132383,27.743167990049532,0.000947671204412552,0.6299125867526316,4510.587781875285,2.153231288910573,3.3657081019659634,3.150725224290976,0.04469253055154336,group_0
119,119,3.351179620923892,28.536375903417177,0.0009467968237506412,0.6053573939579311,4528.290138280505,2.1309105716110253,3.4568676315161824,3.190492345685022,0.050543115284559126,group_0
120,120,7.28963177100716,1465.0311309302872,0.0009459156129705781,150.0,4481.279589248748,2.190118520848131,7.407692575176504,7.10721996057093,0.05146907052423577,group_0
121,121,3.2578809830964652,25.994396175937197,0.0009450275856957603,0.5328201286761034,4545.13932436159,2.151641107057943,3.340995452341898,3.092296251685069,0.05828425101793486,group_0
122,122,3.2079644036318706,24.72869730980883,0.0009441327556549673,0.7104577871372355,4508.4278225788,2.166023099350271,3.3336535631165036,3.0461104800235126,0.05362158110835615,group_0
123,123,3.2724202965403033,26.375097712805918,0.0009432311366821486,0.5279946423949066,4583.244765600361,2.193946884147393,3.360111691366445,3.1367000735082136,0.04231445543075834,group_0
124,124,3.26545448723419,26.192012221331773,0.0009423227427162092,0.2506438116185836,4519.79440153907,2.1540918191684786,3.361870776845113,3.1070623206317785,0.04862872460889207,group_0
125,125,3.233740827478094,25.374400906269415,0.0009414075878007956,0.5587550690349933,4570.3568084558065,2.1485801978621004,3.3480737804051652,3.0745776953981365,0.05461007566303324,group_0
126,126,3.229947250378046,25.27832351378454,0.0009404856860840761,0.649699366972008,4474.67297536609,2.1572435359165536,3.3351383276782633,3.0719842580846146,0.05423407087795147,group_0
127,127,3.1978652767742486,24.480215893257412,0.0009395570518185252,0.4025980090574388,4631.270815446485,2.1533074971351196,3.305968930359308,3.060202184042181,0.04114486593267917,group_0
128,128,3.2372262390355284,25.46299544097081,0.0009386216993607006,0.5012169907073066,4403.476747824991,2.1296883439747116,3.3571372443069323,3.0908532062449257,0.04981722089987732,group_0
129,129,3.189746534201947,24.282271937587254,0.0009376796431710228,0.6869793164762988,4585.511502862209,2.1807622675034537,3.289048456366532,3.035731607600436,0.04795483404114598,group_0
130,130,3.2004518318013657,24.543617278979834,0.000936730897813551,0.5344472603490864,4531.299332493879,2.165711369657087,3.319232125894742,3.074544203072607,0.051248886791609195,group_0
131,131,3.1598426458387774,23.566887289508774,0.0009357754779557579,0.5880559316432549,4391.604900064353,2.166387897550316,3.2789690404953533,3.0071227135771794,0.05764374965625823,group_0
132,132,3.219847507219818,25.024303864696385,0.0009348133983683033,0.5377232834068094,4644.790564593651,2.1496145371918702,3.304049783669198,3.0502749042224093,0.04425796656068138,group_0
133,133,3.2051969334929593,24.6603559883312,0.0009338446739248051,0.5432074440620007,4584.792682914583,2.14096198453019,3.3119844723227287,3.0324496295359338,0.04822759893136454,group_0
134,134,3.1744365882856513,23.913343014639313,0.0009328693196016102,0.5947272009122477,4540.0340249265855,2.1087525751853335,3.2774269793882196,3.016081418608761,0.05600917402347915,group_0
135,135,3.188927610851809,24.262394758157214,0.0009318873504775624,0.4136858797785054,4511.099161007458,2.1751440990828583,3.2803271993229757,3.0225553234671554,0.05057695188156257,group_0
136,136,3.119781377313801,22.64142917198749,0.000930898781733769,0.34408331429724226,4457.1846512347865,2.1813611674773714,3.195235485238244,2.989812948164893,0.054010686208509844,group_0
137,137,3.184601787450471,24.157666604202024,0.0009299036286533671,0.6470428653548658,4544.531820735059,2.1485959818259257,3.2729904177492406,3.072611305129908,0.04441314752103242,group_0
138,138,3.166418165599254,23.72236242729883,0.0009289019066212867,0.8683474310443333,4446.311912325116,2.124299268741814,3.220701270965075,3.0280714458199824,0.05465989287062789,group_0
139,139,3.098439937642173,22.16334809181147,0.0009278936311240124,0.34260641553891413,4408.883003699072,2.1462355552502124,3.2242221939115523,2.9303296777759127,0.04886407921190247,group_0
140,140,3.1123614149881766,22.4740523532994,0.0009268788177493447,0.4560888203130197,4484.454218404827,2.1599135981801174,3.190123892919312,2.9651186009006576,0.05767489940780419,group_0
141,141,3.0868164996223557,21.907225186912502,0.000925857482186159,0.2937247652648163,4484.438916338002,2.1189900482775696,3.1775168354815007,2.9379832751918387,0.049286275359869104,group_0
142,142,3.111272339933352,22.449589746725792,0.0009248296402241628,0.503717544535999,4463.468426785024,2.1044464632030304,3.212502266557786,2.9617857405749493,0.05702822255384545,group_0
143,143,3.0996400976946368,22.189963625075293,0.0009237953077536512,0.5436617212507643,4494.001594505149,2.124928220252539,3.177827258428548,2.911389695093634,0.05073034344944373,group_0
144,144,3.075331333931336,21.65705644051557,0.0009227545007652622,0.5277373123551846,4462.072467817837,2.1651362258932383,3.163081994438523,2.938966414335097,0.05120581102209257,group_0
145,145,3.0619913474831137,21.370070054224293,0.0009217072353497288,0.579486500904052,4413.056849910262,2.1316637366551556,3.144111433911575,2.9104188963083995,0.04896662312815692,group_0
146,146,3.027955447336562,20.654959237146436,0.0009206535276976301,0.7793678935872277,4575.21102153576,2.175348703055597,3.1592484072309093,2.9017489458930736,0.04688708205774944,group_0
147,147,3.012590689986963,20.34002642913278,0.0009195933940991418,0.4972532981514768,4641.80224410875,2.1402673264953647,3.1132699329281155,2.8979456920479874,0.05390690246727187,group_0
148,148,2.9970902672074717,20.027178322887877,0.0009185268509437831,0.7159224318193256,4446.777204823101,2.1202755231953767,3.0801222038990312,2.8090246754684927,0.04489094424400468,group_0
149,149,2.9788713423095183,19.6656083742227,0.0009174539147201652,0.5589621480911731,4496.432975505028,2.1363983274549616,3.0526771582428074,2.853609841543901,0.05207920502447724,group_0
150,150,2.9970701418193455,20.026775272206844,0.0009163746020157341,0.3476810776001156,4494.618778852864,2.1230178010119967,3.070936451817581,2.809120633851275,0.05009607123512977,group_0
151,151,2.982668183712836,19.74041749964104,0.0009152889295165162,0.583233514152522,4446.060148785236,2.0978900580174864,3.0648619708099365,2.8137654483900647,0.04811178865688007,group_0
152,152,2.91503193331595,18.449401543908845,0.0009141969140068587,0.6540167590936827,4553.519164074555,2.117647022583984,3.020275322935468,2.7740952461557438,0.04813190959107143,group_0
153,153,2.9714793567105255,19.520776437604887,0.0009130985723691714,0.8019481177434851,4433.314835169879,2.108520970971494,3.062027841968461,2.8064231409851415,0.051480163093836365,group_0
154,154,2.94848351650897,19.077001822914067,0.000911993921583665,0.5815685522288035,4574.777764931301,2.11818406620837,3.0620568464298192,2.7743963644478105,0.04960818826833328,group_0
155,155,2.9224493552814867,18.58675732330476,0.0009108829787280887,0.6964109520657489,4551.613190222431,2.094941833614416,3.0417948731752116,2.7539564380140216,0.04784862861011964,group_0
156,156,2.9170552156142495,18.486767679840497,0.0009097657609774665,0.48869151085183854,4444.252369050861,2.124713814054314,3.021106362331209,2.7554632429355648,0.05543787660858477,group_0
157,157,2.9001961459151144,18.177710503449777,0.000908642285603831,0.3205453690630618,4644.090697412998,2.1537864083800735,3.0077116289109163,2.7720726004379337,0.04778050953904068,group_0
158,158,2.9056914327891215,18.277877207695543,0.0009075125699759571,0.5984230196338898,4507.383754156291,2.135211636554822,3.003589759024397,2.7623288724240793,0.05210585865431674,group_0
159,159,2.8874382229090907,17.947273745201134,0.0009063766315590931,0.4646828715179978,4485.882043011074,2.1154535194537396,2.9680734523911165,2.7536519015804246,0.05804840999573774,group_0
160,160,2.906987565106959,18.30158311472327,0.0009052344879146906,0.3185996103414318,4484.324170549463,2.1195341296866395,3.008078964775261,2.768726284986195,0.05458778769713784,group_0
161,161,2.8863189126482114,17.92719641601977,0.0009040861567001336,0.548676066905313,4549.949398203055,2.11747379520533,2.979609758205101,2.737628774844621,0.04929643867408798,group_0
162,162,2.912056773613377,18.39459320011508,0.0009029316556684644,0.34701115457353293,4610.728855145142,2.106283154727228,3.018424779013484,2.7524896803256254,0.04582506307978876,group_0
163,163,2.8344882081340397,17.021686510062107,0.0009017710026681106,0.3463077309545568,4421.350396844908,2.112516621270785,2.9277868130021463,2.7192317853654684,0.04800034265006957,group_0
164,164,2.8968643022832383,18.11724599953854,0.0009006042156426079,0.5662343338283488,4471.678026551429,2.0950177269158963,2.9762004072492516,2.7421194270735123,0.05556878306948363,group_0
165,165,2.8000788564913157,16.44594358937294,0.0008994313126303231,0.6554042068253573,4542.410723648338,2.130435691861344,2.893597221039293,2.653202263323802,0.055083343857371674,group_0
166,166,2.804363925212044,16.516566792405616,0.0008982523117641758,0.39115183153660965,4448.839181799514,2.124488869078994,2.909184801708966,2.6395000675837266,0.03787847334291782,group_0
167,167,2.8433109439016584,17.17252879479931,0.0008970672312713569,0.6378456044077161,4506.75251893398,2.1055877677903148,2.9277143204633598,2.6973438853901177,0.04412933812822949,group_0
168,168,2.7256584548675096,15.266462894902928,0.0008958760894730482,0.4366415943000396,4540.727830187454,2.090593339305259,2.839173432485561,2.5317620133211776,0.0434543367415565,group_0
169,169,2.7946009719801657,16.35610090828968,0.0008946789047841382,0.39027145578045574,4544.892484566566,2.107447537495837,2.8912007559988946,2.6428501994501072,0.04909201097367277,group_0
170,170,2.747014981028123,15.596007952523639,0.0008934756957129373,0.6269877455994677,4510.9934147304175,2.121865584128455,2.83684940415322,2.603599287394762,0.05294542113338061,group_0
171,171,2.8160917578601814,16.71141063841447,0.0008922664808608923,0.529211928671214,4582.701330272827,2.1094663001821834,2.934045049540026,2.669225694107675,0.05984082767540927,group_0
172,172,2.79920800552284,16.431627857809723,0.0008910512789222988,0.3636675428475664,4506.261251050894,2.107589475681562,2.898613613795009,2.6612246211101147,0.048392298656612036,group_0
173,173,2.8015867019335308,16.470760235588624,0.0008898301086840116,0.6249012957443107,4471.629393381576,2.136621391709831,2.9053777206350873,2.648313089582777,0.04715759405003143,group_0
174,174,2.7132501541563867,15.078202444118807,0.0008886029890251548,0.4827195617253579,4541.6083919757375,2.1370047230191385,2.7924830447862266,2.5762603479280197,0.05950728197540078,group_0
175,175,2.739945390742845,15.486139386680248,0.0008873699389168294,0.3757685371630152,4476.138507992528,2.1210071641346144,2.8411566338743763,2.6038212711837736,0.04999964903010215,group_0
176,176,2.745662793451721,15.5749334758626,0.0008861309774218206,0.39414673816946855,4566.916911662574,2.0884937276105866,2.827525197684109,2.612226424982828,0.048146822664899495,group_0
177,177,2.769738159872251,15.954455946042446,0.0008848861236943028,0.5660899125161458,4447.781010504569,2.1284922110559172,2.855599989016502,2.649802591550372,0.04282900752622674,group_0
178,178,2.681661547577399,14.609347266295682,0.0008836353969795434,0.5522474286564278,4516.452492651417,2.0998621482377433,2.793625122342869,2.522478933996706,0.04249565836703412,group_0
179,179,2.6914216808058935,14.752634556052199,0.0008823788166136056,0.40823120879110114,4493.817825118777,2.06010503234158,2.810354347176039,2.5434414712158393,0.054584906883502954,group_0
180,180,2.6517992759727944,14.179528591875824,0.000881116402023049,0.43486944570861075,4437.029144858465,2.088683744577926,2.766093572599745,2.5243759900067606,0.04605154540458128,group_0
181,181,2.7061798812449753,14.971971421515489,0.0008798481727246297,0.5707174090597624,4436.634297637633,2.0939865198851413,2.7993107690964347,2.5959939457015024,0.05552245891168932,group_0
182,182,2.6313809131728445,13.892941607928735,0.000878574148324998,0.4696610354005455,4435.435331365933,2.1404191976499756,2.7223879415539245,2.485844009112833,0.05291126977802247,group_0
183,183,2.664648730423584,14.36290340877489,0.0008772943485203963,0.5747002269458872,4452.708207240062,2.1179445116946773,2.755411096856039,2.516053157612114,0.04224785988393141,group_0
184,184,2.6383310270590203,13.989835455926665,0.0008760087930963532,0.5475785831414569,4578.816852218861,2.0524223270672826,2.746114085015944,2.4578176139206462,0.057389574844976525,group_0
185,185,2.609996751956633,13.599006681595744,0.0008747175019273793,0.48124831204424096,4445.614199936857,2.081021530315777,2.7062998074752054,2.4340962436676827,0.05382961581513608,group_0
186,186,2.610064781415643,13.599931846132227,0.0008734204949766582,0.5831209896703557,4508.560724096666,2.0952026057816813,2.708681742288216,2.4360380952474396,0.05211146026256424,group_0
187,187,2.62182296534292,13.760786170304918,0.0008721177922957389,0.4759635448153647,4491.870897903907,2.076928724316953,2.7430110323160397,2.454581932355814,0.053090614923430986,group_0
188,188,2.6259072530212357,13.817104110750833,0.0008708094140242263,0.29666714113597065,4466.648602004599,2.077629526739534,2.684004402843441,2.4525030144013797,0.039281376088726165,group_0
189,189,2.613906065077517,13.652273507359007,0.000869495380389468,0.6803361507714956,4437.742581936575,2.078968894995144,2.7118231483966846,2.4391930084767477,0.04767202048519401,group_0
190,190,2.5600688789065464,12.936708351181483,0.0008681757117062439,0.421620214829008,4409.1815598902185,2.107057005931449,2.6519866679555744,2.409210243196999,0.058629041737423414,group_0
191,191,2.6587898155620637,14.278998416657545,0.0008668504283764498,0.30563875580585564,4469.37971565109,2.0661002236748627,2.717009730420819,2.502991035668678,0.043493458853842606,group_0
192,192,2.641685197778325,14.036838536491913,0.0008655195508887842,0.8861407464629831,4335.315718304047,2.0622587820872034,2.7265893320477534,2.5029166887841594,0.05372739308384139,group_0
193,193,2.5520106589272737,12.832880405530572,0.0008641830998184297,0.3830660749740565,4528.847984943414,2.0688055528810128,2.6404389166050177,2.4153091791417376,0.055320408541003896,group_0
194,194,2.521621491415379,12.448765874054434,0.0008628410958267365,0.4713107941081478,4641.033062173579,2.0812568908761206,2.654632230361046,2.37545817946355,0.04893433520847867,group_0
195,195,2.5313581343698806,12.570567067710915,0.0008614935596609016,0.3736941460906389,4439.643625417139,2.071071097727299,2.6258330742767355,2.360848932531409,0.05343232073167764,group_0
196,196,2.515624073614649,12.374328862053394,0.0008601405121536488,0.5726570094105744,4533.166292774644,2.093536809642802,2.628588901703359,2.3900797004319143,0.054980743010700266,group_0
197,197,2.475269037803848,11.884904171532577,0.0008587819742229066,0.625974122004163,4500.267521609254,2.0545069812467687,2.545767808813678,2.328659575745855,0.05004472125820125,group_0
198,198,2.4829296337570748,11.976299243736149,0.0008574179668714845,0.5452100021270623,4503.597155840777,2.117996263850801,2.5492373827494426,2.3613860642037836,0.046567672580732654,group_0
199,199,2.47756875271169,11.91226751471857,0.0008560485111867491,0.6237310398449335,4439.985420077141,2.0961012975777846,2.586140220533932,2.321983343633675,0.04247898335435712,group_0
200,200,2.4867999458910415,12.022741074237029,0.0008546736283402963,0.5720578348657432,4408.070677209234,2.028505516925005,2.582011348412515,2.3244096703389197,0.04334033974183569,group_0
201,201,2.478612544206812,11.924707929708246,0.0008532933395876262,0.5423380813536204,4582.775227646948,2.0654051269253206,2.5684368480619724,2.3059816799184483,0.04923719389464961,group_0
202,202,2.463922331278201,11.750811843629483,0.0008519076662678133,0.36610536084469186,4619.07171533517,2.06698011731252,2.563248576664498,2.3337572648409863,0.048521825388736124,group_0
203,203,2.4556353288200525,11.653835214760754,0.0008505166298031764,0.5275447376802002,4599.924671178532,2.0826427399487075,2.544941841630503,2.3159098219854313,0.04941105638106202,group_0
204,204,2.4713225203238127,11.838092621528736,0.000849120251698948,0.8036781246720113,4516.468600673696,2.077239234129819,2.585958456188792,2.291588664652262,0.047007839268991644,group_0
205,205,2.4207182262465157,11.253939287483277,0.0008477185535429416,0.5689685655911612,4600.877579855989,2.0775640751870568,2.5124487636019555,2.2845095775586444,0.04614277408675266,group_0
206,206,2.422885733214061,11.27835873440151,0.0008463115570052181,0.628852381962002,4478.054742335678,2.0786011422485022,2.557985835247857,2.2488588132857426,0.04960215462844544,group_0
207,207,2.4239547897539135,11.290422384778546,0.0008448992838377505,0.40257099941536284,4500.586861411728,2.0744535137602518,2.53534699640415,2.2914113112084684,0.047275307758374366,group_0
208,208,2.4433838340612084,11.511929368066026,0.0008434817558740876,0.32802509420036063,4534.0839125405255,2.078952732125611,2.5366779069509513,2.291341492334104,0.048586066943417536,group_0
209,209,2.428065834236116,11.336933352247723,0.0008420589950290169,0.4959530799849084,4428.901788317706,2.0689295674781647,2.5464493086289703,2.2649531306313837,0.04516009712296654,group_0
210,210,2.399919581994368,11.022289954424132,0.0008406310232982255,0.46790166204731387,4545.080187626257,2.052564799221123,2.5088764284780223,2.221221331909012,0.05399073563746021,group_0
211,211,2.3747059528078105,10.747852345576709,0.0008391978627579601,0.2923357105240542,4450.887121709608,2.0621520659370196,2.4443204545793513,2.2043911234530924,0.05522890558374849,group_0
212,212,2.38512721666342,10.860444206516307,0.0008377595355646857,0.6812046210434319,4551.39387486124,2.0444223474722856,2.496149807547614,2.240073761572973,0.04771133572274885,group_0
213,213,2.3899441271794166,10.91288419238736,0.0008363160639547426,0.5800886568741443,4453.328690532564,2.1158904009359083,2.4644012435223557,2.2399530396914304,0.052688936378591664,group_0
214,214,2.2725704608685855,9.704313339715943,0.0008348674702440037,0.23317050265151135,4425.418254969363,2.06133316803572,2.3993536523500145,2.142743865903759,0.045417754567868535,group_0
215,215,2.309746641992204,10.071872542166066,0.0008334137768275284,0.4856197160796899,4513.219939792154,2.0261395460095035,2.430594231114925,2.1928851774677507,0.054133340943802045,group_0
216,216,2.371958056689498,10.71835890485033,0.0008319550061792172,0.5773088198928829,4577.360452350289,2.074657859641564,2.4709647931721994,2.21663180365452,0.058696729679444906,group_0
217,217,2.351427580986126,10.500549414511417,0.0008304911808514637,0.6031796565545116,4536.045360636003,2.0192837439169455,2.4527445634059184,2.197161079594164,0.04383638659036602,group_0
218,218,2.3601421121155837,10.592456661902448,0.0008290223234748063,0.31150022738691574,4634.048054119265,2.05113081947945,2.4901008666379707,2.2245478969799004,0.04531119869750369,group_0
219,219,2.3140097286103565,10.11490146005539,0.0008275484567575779,0.6335027417218391,4415.084371386357,2.063346788161782,2.4318656006628245,2.153540098594088,0.04235959344625549,group_0
220,220,2.275180657673114,9.729676594528488,0.0008260696034855554,0.4416912236087793,4507.757652170758,2.0551620901274497,2.3617905167253856,2.109791594708994,0.047266310776586364,group_0
221,221,2.2373689570935342,9.368649513432151,0.0008245857865216071,0.4823323135631088,4456.9982653822,2.0706172381716788,2.3175582455359276,2.0663762663983514,0.05285924267451675,group_0
222,222,2.2448019973598283,9.438546514299604,0.0008230970288053394,0.5058103023046974,4512.143735269968,2.076276402656965,2.324084831982656,2.1018916342193763,0.05507379334691814,group_0
223,223,2.207231596615319,9.090515312397704,0.0008216033533527416,0.5696349162914941,4483.552144764239,2.0514838173653698,2.324034720847406,2.0717925876493655,0.048235473912347136,group_0
224,224,2.233640433268293,9.333783320618442,0.000820104783255831,0.493846394666635,4506.524309673401,2.058017235151046,2.342335565352486,2.08861986450235,0.04686949899707966,group_0
225,225,2.250401608081486,9.491546952981807,0.000818601341682295,0.719857857662392,4432.26726828726,2.036178066504586,2.3906778097902133,2.1169444406321687,0.05127060410834842,group_0
226,226,2.277378480089656,9.751084212307449,0.0008170930518751341,0.3740988876356771,4461.805740995798,2.008444199974178,2.369418862236575,2.1122871473291935,0.04957089658392207,group_0
227,227,2.1927241472165364,8.959587134770528,0.000815579937152301,0.5577704381209898,4466.036958879481,2.0089821374867918,2.3113616896425992,2.061793914879285,0.05419058868389476,group_0
228,228,2.210210995673498,9.117639972686426,0.0008140620209063413,0.5067154981781672,4489.789540917654,2.035710142823356,2.3097174687794886,2.0506971826495044,0.04964530609105851,group_0
229,229,2.1867382070392996,8.906115779997537,0.0008125393266040315,0.18318212194235178,4495.410392747378,2.0171949002729868,2.3005267611962856,2.034249438394422,0.055988786747658836,group_0
230,230,2.135037805732152,8.457366237740384,0.0008110118777860162,0.4667490116196092,4429.786710021293,1.9724981097511618,2.213055578274173,1.9769505582892313,0.05413072379796074,group_0
231,231,2.1804629854035316,8.85040291766731,0.000809479698066444,0.6388839753066939,4508.111693844813,2.0231454809426204,2.2757574533792,1.9982171483691151,0.05143967246116864,group_0
232,232,2.1709422571657426,8.766540485874254,0.000807942811132603,0.21714390841286185,4530.600634897524,2.0479268473243115,2.23555721982651,2.0050215022817937,0.04408978860206511,group_0
233,233,2.1555915936144547,8.632995893810087,0.0008064012407445536,0.41149401797663965,4558.076462507789,2.030803899036854,2.2411522014908076,2.002500153490773,0.05358297433897778,group_0
234,234,2.1537759562138454,8.617335724482574,0.0008048550107347622,0.5198140898068704,4422.982451539188,2.031495409435691,2.267875186823252,1.9883298891165144,0.049648382545827846,group_0
235,235,2.143361957203932,8.528060461861951,0.000803304145007732,0.33380694850759707,4468.749549484113,2.0225477930684903,2.279420038686671,1.9760911039284303,0.04211729806869935,group_0
236,236,2.1424404469285596,8.520205386339617,0.0008017486675396339,0.46830080294822124,4613.181970305326,2.0138595073082253,2.2518993260264755,1.9970475993271997,0.043073536490770996,group_0
237,237,2.1142143457681777,8.283075575696216,0.000800188602377936,0.42866434758298344,4583.6562578069015,2.0376954277196733,2.187966495954874,1.9423701016324382,0.04930932368099748,group_0
238,238,2.077720862350106,7.986246401521863,0.0007986239736410308,0.5096462407414178,4541.1819349442685,2.0271194466733617,2.154866532817397,1.9205120858133913,0.049208814180475687,group_0
239,239,2.116496200988262,8.301997935769517,0.0007970548055178637,0.32786283035692254,4454.310459971994,2.0567395147911234,2.2288245999445393,1.9423041644171026,0.056274325657782294,group_0
240,240,2.0851683972736477,8.045946283040042,0.0007954811222675584,0.33938893749557486,4398.662016490939,2.025068331186649,2.1731758141708193,1.9577358735844048,0.04317445756742519,group_0
241,241,2.078409780115398,7.991750164148119,0.0007939029482190408,0.5716311351878283,4374.791361855484,2.0366432893518582,2.173294881420608,1.8952164603187098,0.05646913600747779,group_0
242,242,2.0898647508355896,8.08382176022742,0.0007923203077706655,0.48198932594073024,4500.658642983454,2.0285527505322123,2.190954999189959,1.9185838257266745,0.044171445559847804,group_0
243,243,2.06352537787563,7.8736786320363645,0.0007907332253898357,0.5654935062995574,4479.785921506457,2.0227204089326034,2.16377276003833,1.9143027643871664,0.044142785358717726,group_0
244,244,2.0924014114488747,8.104353702766733,0.0007891417256126272,0.6752831462794164,4504.750753900247,2.0237031201630593,2.1585259185108727,1.9264760728682164,0.039974830032442295,group_0
245,245,2.051678305058133,7.780948960101407,0.0007875458330434074,0.3858259393992623,4490.022049404499,1.9998350548769235,2.1472583480325524,1.9341420191495575,0.05614674788807448,group_0
246,246,2.0142474754350532,7.495085022866533,0.0007859455723544563,0.4032436852326949,4566.231716438244,2.0181895996173322,2.104463062247769,1.8662101950135968,0.0462483546819429,group_0
247,247,2.009393227247339,7.458790183327155,0.0007843409682855839,0.25766659543095594,4421.307556532643,2.016394968990633,2.134959355656017,1.8600351290506114,0.05098336211056898,group_0
248,248,2.029658405222022,7.611485870822583,0.0007827320456437486,0.34602186370083876,4629.1361654182565,2.026459799154585,2.1263731105278314,1.8708042975511046,0.043182385405857,group_0
249,249,1.9733441175590576,7.194696213509332,0.0007811188293026731,0.60015335597666,4567.136863929179,2.0326451382078377,2.075287777952596,1.8110482172442537,0.04590458149741684,group_0
250,250,2.0179630152397086,7.522985109452135,0.0007795013442024604,0.5930396969299665,4341.908900038568,2.0158833944282835,2.0690367009136823,1.8484063014656988,0.0468803624770812,group_0
251,251,1.967193538162849,7.15058047097849,0.0007778796153492077,0.4070383121712278,4569.045606411544,2.053843269017165,2.0905566421186097,1.8059382795220968,0.05758858720845144,group_0
252,252,1.9951036345381254,7.352965009538922,0.00077625366781462,0.6441464883770108,4479.938981147978,2.0284817026099393,2.103962958856278,1.8281276728439637,0.051860877089796226,group_0
253,253,1.9963418939242055,7.362075526905236,0.0007746235267356228,0.3555924398646868,4601.765808461536,1.9928465893714162,2.121792219998611,1.8685393401205181,0.045730873795538085,group_0
254,254,1.9798221420754023,7.241454920474928,0.000772989217313973,0.5974272807959162,4645.120310647787,1.993619809619198,2.078764700391397,1.8585043803618757,0.05059564177354915,group_0
255,255,2.009206367924136,7.45739656905055,0.0007713507648158696,0.4705761713783032,4529.9715751081585,2.0261587495220965,2.1355918890060868,1.8714416378889775,0.05087713263742333,group_0
256,256,1.978711254839319,7.233414947211763,0.0007697081945715628,0.42370234260973183,4507.574893407747,2.0469238284987785,2.0596682091624468,1.8610206069444648,0.04955291236912593,group_0
257,257,1.9993330123998478,7.384129333364254,0.0007680615319749627,0.7123622515955963,4463.691430752491,2.016861352646704,2.1163852520650215,1.8681008409644335,0.05087505916443198,group_0
258,258,2.0233605643353907,7.563700573937003,0.000766410802483247,0.2603705155315612,4497.776838782663,1.9559057574566514,2.124879782757176,1.9374285049916595,0.04899176232100627,group_0
259,259,1.9618557547457947,7.112513907037515,0.0007647560316164662,0.5732947097482051,4467.967542623542,2.0123963562651257,2.0681922680301774,1.7896658419879263,0.04324822419881225,group_0
260,260,2.0039539499825905,7.418329892584148,0.0007630972449571507,0.4401530646569389,4571.823343642285,2.0515897963322485,2.089950158680326,1.846547933825424,0.05074842977949256,group_0
261,261,1.9842215273832262,7.273383051438158,0.0007614344681499141,0.5302971852021098,4508.685378870612,1.983768496834935,2.1132202684908346,1.8293720019127184,0.046390054810405236,group_0
262,262,2.018875892120394,7.529855804204353,0.0007597677269010572,0.6192885299348927,4404.932947114636,2.012721858336549,2.1131448912097275,1.8804316646390362,0.04729039230871897,group_0
263,263,1.9717310667251298,7.183100157810278,0.0007580970469781707,0.6795710370072116,4563.960307579025,2.0183619783958733,2.081292915448176,1.8219213772491032,0.050950239654308636,group_0
264,264,1.9808804214786166,7.2491224595503025,0.0007564224542097362,0.30391017226197425,4526.213296144035,1.9822746929088446,2.094996781012857,1.8460699049270297,0.05319443287384529,group_0
265,265,1.9810091844306983,7.250055938055629,0.000754743974484728,0.5048869273306946,4471.435450592063,1.9636310313619068,2.093391028410421,1.8263025444316336,0.055091619728469564,group_0
266,266,2.0049385646376416,7.425637686002251,0.0007530616337522118,0.2951213402225873,4512.765276084169,2.01966710950146,2.1235194307733716,1.8424448731856697,0.04877535371204789,group_0
267,267,1.9909724420101635,7.322651154731627,0.0007513754580209439,0.6473338640764497,4582.113384129337,2.0339072890063874,2.073831838184254,1.7799962651285768,0.051475009123631475,group_0
268,268,1.9917532488237861,7.328370963389214,0.0007496854733589691,0.5431266417936794,4430.895148778438,1.9973939596617325,2.068792085053978,1.8898787355856332,0.04526059991040683,group_0
269,269,1.9685983330606514,7.160632628897406,0.0007479917058932184,0.60421086285468,4580.9075797577125,1.990154531803363,2.0686300003420275,1.8187131203949394,0.0515388623274577,group_0
270,270,2.0044727911512417,7.422179826200719,0.0007462941818091036,0.3754090849823569,4409.92661459359,2.05240921512959,2.0863685341270815,1.8328482035872569,0.050065312973938285,group_0
271,271,1.9907793351738732,7.321237237256837,0.0007445929273501135,0.5009026773601968,4511.661264003737,2.012748518093533,2.0703805867043883,1.860849187625364,0.05399212192702144,group_0
272,272,1.9766051463401346,7.218196621860813,0.0007428879688174085,0.45801392366718274,4511.805208935887,2.0276746246528723,2.0555574559856957,1.8250661707049232,0.05947712133469537,group_0
273,273,2.0216932219752892,7.551099803389416,0.000741179332569413,0.46970893153288185,4463.978707720009,1.9915361857746159,2.1432823687062093,1.8391737596834692,0.051854045560043506,group_0
274,274,2.014856366411239,7.49965010217946,0.0007394670450214083,0.5312212030147581,4457.498163420515,1.990114422654395,2.123737634158584,1.873021123936641,0.04040826038712733,group_0
275,275,2.0276498499699116,7.596213124112748,0.0007377511326451246,0.09580491550107006,4505.1354432162225,1.970352756803214,2.125707924436622,1.8510444021271653,0.05000938989284937,group_0
276,276,2.021323585095862,7.5483091542170495,0.0007360316219683315,0.699289254915672,4461.264448127965,1.9769669563352015,2.109754138479031,1.868110842462907,0.047133391847756195,group_0
277,277,2.0040242477808996,7.4188514031730355,0.0007343085395744273,0.6369008948160737,4484.966269407568,1.9546822807765192,2.1126415834680694,1.8546598223125335,0.055159244386080296,group_0
278,278,1.995808536518796,7.3581499563628965,0.000732581912102029,0.530426817986994,4481.628154662555,1.973818441797032,2.1128491263364784,1.8379322642757445,0.050372604957056345,group_0
279,279,2.001258185393677,7.398358752391538,0.00073085176624456,0.11619635921822957,4523.535100032212,2.015498668838484,2.1274865177498716,1.8315668318946137,0.050711549908559764,group_0
280,280,1.9671960039302623,7.150598102668539,0.0007291181287498375,0.5789611942642532,4553.38494746706,2.010362011734791,2.0497995700200176,1.8285917884542582,0.05403723283708017,group_0
281,281,1.982388263309053,7.260061234527489,0.0007273810264196586,0.49762404687905437,4539.117320181024,1.9707975882311897,2.109058385706134,1.833552703386389,0.05525725365284675,group_0
282,282,1.9696608235116229,7.168244775889166,0.0007256404861093865,0.6789196204328053,4540.228129434866,1.9719423627501294,2.076845605568894,1.8026553855491672,0.05161390538141631,group_0
283,283,1.9827492690074857,7.262682631145212,0.0007238965347275351,0.5123449688095795,4474.412503059468,1.966466265548266,2.120336263908085,1.814656779265582,0.05542306119225648,group_0
284,284,2.0160009292056564,7.508238836893045,0.0007221491992353532,0.4150689930788912,4508.90529764225,1.953627569584195,2.0770665697057504,1.8258755305323224,0.04304082715806898,group_0
285,285,2.0192881830710956,7.532960935677333,0.0007203985066464069,0.5564123235819097,4537.773758284137,1.9804730815746354,2.0790547773311254,1.8526669474637445,0.056355479027649195,group_0
286,286,1.9990338428653465,7.38192055724463,0.0007186444840261632,0.35811504146671636,4621.415670040243,1.9876602121566391,2.1085983537022415,1.8894632127165718,0.04788067839452801,group_0
287,287,2.013140812323397,7.4867950766878755,0.0007168871584915707,0.6428692037821551,4479.03946736211,1.959234891024491,2.151449821469291,1.8583433292526605,0.051426263697213793,group_0
288,288,2.0105431624540993,7.467372242218927,0.0007151265572106403,0.6295498304707785,4453.862661310431,2.011714847689879,2.1044161091042923,1.853916102917784,0.04930302909031614,group_0
289,289,2.0093855703974928,7.4587330727093315,0.0007133627074020259,0.5474809530575372,4510.528283016675,1.963868908316979,2.1149352446481724,1.8466716568731072,0.05301545290638378,group_0
290,290,1.9709514234738794,7.1775020847826765,0.0007115956363346029,0.6637854017896511,4598.338567189367,1.9813917309502753,2.081691595318225,1.8341525429666896,0.05143544173498419,group_0
291,291,2.0195205144016803,7.534711281837015,0.0007098253713270472,0.375534564317038,4500.812690517073,1.9541556349935776,2.1235894667020117,1.865984693800027,0.0452639284192973,group_0
292,292,1.995217464172025,7.353802042492708,0.0007080519397474123,0.39407948773157936,4457.793464141527,1.9941537699493854,2.116526317719912,1.8208799965187064,0.042203493485074406,group_0
293,293,2.0054747414154472,7.429620208062396,0.0007062753690127066,0.49070240503845775,4419.967768162391,1.941703043914083,2.062236003262305,1.8728039189038277,0.04217316346922867,group_0
294,294,1.9753582734708697,7.209202057032737,0.0007044956865884695,0.668752214470701,4516.904675837182,1.971637507884605,2.076099470357042,1.8155462940715588,0.0530498043198173,group_0
295,295,1.9984050781713973,7.377280525121754,0.0007027129199883467,0.367686259852801,4441.7985190790805,1.9406662452123706,2.0908580211724157,1.8620999140840713,0.0423669246829183,group_0
296,296,1.9919655629291388,7.329927045097201,0.0007009270967736642,0.3903564322798563,4537.169457674615,1.9603783536913773,2.0839757766177733,1.8408690823193463,0.051852514853105595,group_0
297,297,1.996664535468671,7.364451221551994,0.000699138244553004,0.4172932144763764,4517.676356106662,1.9587118372283183,2.0811235322872124,1.8549334720582276,0.04985291099433407,group_0
298,298,1.9759943473270993,7.213789100680107,0.0006973463909817751,0.431921625822303,4354.994883817116,1.9255240249410785,2.0607542185726335,1.8049009130492906,0.05641453036293992,group_0
299,299,1.9775173501465526,7.224784092395802,0.0006955515637617875,0.6751249656591255,4511.012054046919,1.931258697670162,2.1047272331853315,1.8583381468059872,0.04824559005616117,group_0
300,300,2.007208128606984,7.442509784655151,0.0006937537906408231,0.35913989498900695,4459.305769007338,1.9632684852497575,2.128062243277236,1.8938688558663042,0.048417411679457255,group_0
301,301,2.045118773853802,7.730076614376735,0.0006919530994122072,0.45546821601788356,4454.232096153554,1.9403661212816243,2.1439338759155175,1.8744507046488326,0.051945199014377566,group_0
302,302,2.0034003382888366,7.414224155004519,0.0006901495179143788,0.36671293263840665,4498.920629234072,1.9656142935343042,2.085367119544846,1.8664540030082513,0.04066078062534122,group_0
303,303,2.0111680524792837,7.472039986909086,0.0006883430740304598,0.44047036205604573,4471.209305020844,1.9670830957277237,2.119268287098515,1.8878037534677312,0.045942294869697975,group_0
304,304,1.9983887411557406,7.377160003358796,0.0006865337956878242,0.5570100157472714,4544.094655496464,1.9447909170245534,2.0806795624704266,1.824664605145605,0.055817661005161764,group_0
305,305,1.9899416942726673,7.315107237227276,0.0006847217108576665,0.4835841965658807,4390.3962199657235,1.9557982398374323,2.112469016356496,1.8069930749820584,0.05449708127988321,group_0
306,306,1.9655822380844539,7.139068017604347,0.0006829068475545688,0.29743888252478934,4615.031327165785,1.9291387859812095,2.0650611343868714,1.8208371409340351,0.04617992622760746,group_0
307,307,1.9859548172088288,7.286000864283271,0.0006810892338360686,0.3199423078873793,4323.226475721442,1.960282325827849,2.0904473414923426,1.8338037795540219,0.04369067249695027,group_0
308,308,2.0189619243341603,7.5305036422356,0.000679268897802224,0.3967976737407978,4515.16554731732,1.9326114111977994,2.122588652757561,1.8636649693688248,0.05862286298842789,group_0
309,309,2.0062502370569106,7.435384080791703,0.0006774458675951796,0.6823724265856435,4483.291790161469,1.9641538100235763,2.111166607635233,1.8253702278883541,0.04985592635984052,group_0
310,310,2.0007588039049278,7.394665071338203,0.0006756201713987318,0.3219334766323203,4481.129059941032,1.9752986950207243,2.111552059664408,1.828531223854565,0.054809627890739746,group_0
311,311,1.9839683333456355,7.271541707334931,0.0006737918374378929,0.14724322454780414,4524.988145028311,1.9472821435875804,2.0968780065663726,1.8021043681819044,0.05645522928144086,group_0
312,312,1.9842249821351552,7.27340817921569,0.0006719608939784546,0.5125731197666582,4567.889010835909,1.931785451696018,2.073044248599897,1.8634517398452266,0.047908496218402284,group_0
313,313,1.9470070591499804,7.007682583444022,0.0006701273693265509,0.5621827215463494,4558.48363730315,1.9559713644979175,2.037842818200277,1.7937241452552837,0.05412679993380387,group_0
314,314,1.9985061175348042,7.378025958508109,0.0006682912918282208,0.4020982916102278,4441.555682609168,1.9499833387993406,2.06547105795521,1.863060961396058,0.049913522004462474,group_0
315,315,2.002128580960481,7.404801054320048,0.0006664526898689701,0.4060452316152203,4536.921053223701,1.950845426836246,2.1078141752177766,1.787200225438079,0.053218845464608464,group_0
316,316,2.013991464323616,7.4931664434188185,0.0006646115918733322,0.6646436747777639,4446.138238869726,1.9521184133579865,2.1087071621539697,1.8641425325181666,0.05298889408696623,group_0
317,317,1.9950547589746337,7.35260563801306,0.0006627680263044291,0.5799282922065097,4405.853676297492,1.9417366096845876,2.0745537917111836,1.8754411377822375,0.05102903462992103,group_0
318,318,2.0090075201007345,7.455913829399216,0.000660922021663531,0.4267170760049233,4533.389347528722,1.9377817588002297,2.0990666097680637,1.8515934092315294,0.05125931307127189,group_0
319,319,1.973303637603178,7.1944049784186745,0.0006590736064896157,0.2713804055310257,4533.7829015863745,1.954951125624465,2.099686188506434,1.8182542334445304,0.05607943950658587,group_0
320,320,2.0062458942290697,7.435351790268825,0.0006572228093589278,0.5149747406774862,4540.188689044859,1.9710056966165468,2.1081275824834327,1.8302867352101935,0.04983733284906369,group_0
321,321,1.9851457965320523,7.280108722686619,0.0006553696588845365,0.2953406154060888,4501.064704141944,1.944211492722171,2.1112832656771094,1.8373675966639882,0.050150847807010374,group_0
322,322,2.003770779290308,7.416971196402604,0.0006535141837158931,0.48115158720102247,4562.833857843052,1.9490744973991956,2.141606018888237,1.8635770072914,0.0506292251799063,group_0
323,323,2.0243454543106325,7.5711536564386615,0.0006516564125383889,0.5106973591571998,4475.973643021936,1.9428411611597782,2.1373711432642253,1.8886239889724277,0.05196719646410291,group_0
324,324,2.02108356975548,7.546497661627792,0.0006497963740729107,0.4187423217353043,4460.235250406164,1.9569778974476457,2.1326102800393887,1.87924896077611,0.04468077891910247,group_0
325,325,2.013882691209791,7.49235143269879,0.0006479340970753974,0.6443522723091113,4497.881351342909,1.9552544052476581,2.1309579867545585,1.8762552565394897,0.04583848303174492,group_0
326,326,1.9915825583677562,7.327120187158337,0.0006460696103363954,0.44529481643579044,4494.879216968456,1.9147993449181897,2.123800555727055,1.8224785535488357,0.04560102724312299,group_0
327,327,2.0114763138719303,7.474343683413465,0.0006442029426806134,0.4530133855625577,4543.265219282266,1.9104512133142628,2.1084145708195887,1.8871295109640291,0.05115850018254874,group_0
328,328,1.9782090763247977,7.229783393559083,0.0006423341229664769,0.43968243115243166,4505.851618000242,1.9306528020241354,2.060721932236422,1.8058128990661608,0.04979156960103201,group_0
329,329,2.0031515597467884,7.412379884545789,0.000640463180085681,0.500822127830167,4465.77159358965,1.9386611516382959,2.172365490731089,1.8617043689611992,0.049847879146818624,group_0
330,330,2.021815790488827,7.55202538719045,0.0006385901429627462,0.31838942586803454,4475.245264662271,1.913615145610011,2.124166985663059,1.8342910530001753,0.04543418451778067,group_0
331,331,1.9782367042174196,7.229983139997634,0.0006367150405545685,0.4663995736347749,4461.263353583003,1.915262729171527,2.084945404030122,1.7956995255098622,0.05535146024574371,group_0
332,332,1.9661430128014779,7.14307254916682,0.0006348379018499735,0.5116539609659565,4583.070330544163,1.9513464927055675,2.110956310591478,1.7781166898223628,0.04214905019347157,group_0
333,333,2.0138848466958903,7.49236758237556,0.0006329587558692672,0.3657221184520185,4414.8914238689495,1.9185216072311335,2.1506159428386877,1.8567871107769973,0.043973429623598605,group_0
334,334,2.013352013084572,7.488376460495687,0.0006310776316637885,0.6534252209792341,4509.03888818963,1.9308276456086308,2.1015113408055646,1.8540699758016677,0.04938023265845647,group_0
335,335,1.9743312154660009,7.201801589356659,0.0006291945583154588,0.6508532252605126,4450.328463650985,1.9031959568698569,2.0864193692795996,1.8470902144082273,0.05286431636397041,group_0
336,336,2.00678878959927,7.439389504260519,0.0006273095649363328,0.5095723195795094,4383.889888593835,1.8885260416311314,2.0924814947666794,1.8611745103394568,0.052611581304968534,group_0
337,337,2.02623445124293,7.5854690590886555,0.0006254226806681497,0.4912054969330241,4544.480093937225,1.9543935834151793,2.1308934627785847,1.8526063994494724,0.05306951169993858,group_0
338,338,1.9967132133579701,7.364809716218618,0.0006235339346818802,0.45736837049124845,4522.13784027944,1.8868689991227505,2.0819150208748955,1.8354971068583494,0.0507161096926152,group_0
339,339,2.0209679992516776,7.545625559486706,0.0006216433561772781,0.7139144749609185,4373.865744477251,1.9016861065253912,2.106178761962091,1.8520182987358722,0.03991508233236216,group_0
340,340,1.9960045939265045,7.359592717596263,0.0006197509743824265,0.35263267643086993,4467.7165791195885,1.9100897420876297,2.0889665737751524,1.8572767825597034,0.047595437223415485,group_0
341,341,2.0217512794517165,7.5515382139146325,0.0006178568185532884,0.201253590692266,4391.9814664982905,1.9363317778362414,2.1256897773765506,1.8497607651308248,0.04623037776895434,group_0
342,342,1.9844350422139603,7.274936192392663,0.000615960917973252,0.542265951165241,4574.8260195082285,1.9110034387020574,2.0703753476384605,1.837549980077075,0.05685096592257861,group_0
343,343,2.00580978527817,7.432109873765787,0.00061406330195268,0.37308386815942063,4396.932712399147,1.893683030624527,2.1184511293097863,1.8869030932539115,0.047870812890141015,group_0
344,344,2.0038744536672453,7.417740186131728,0.0006121639998284549,0.4898325040016035,4489.7693600896055,1.9019097488487178,2.136339414458739,1.8405411910835554,0.04597445079835664,group_0
345,345,2.032321480588157,7.631782845536076,0.0006102630409635265,0.22763002414840888,4466.690991730274,1.916347450362004,2.129950505354679,1.9004565036816883,0.05479747779280593,group_0
346,346,1.974733257111611,7.204697595637558,0.0006083604547464576,0.6332878209136326,4463.818674122681,1.8909177351896307,2.106590741133263,1.845651453521097,0.052941405956814555,group_0
347,347,1.9835546715322079,7.268534370258998,0.0006064562705909692,0.48175119482508866,4489.111313294932,1.8907639086335377,2.049596787486946,1.8424266063815937,0.04842883188370626,group_0
348,348,1.990733549306002,7.320902035729845,0.000604550517935487,0.6949750162373723,4536.917298631545,1.8821443102795934,2.1065359202477074,1.8294505766140716,0.05293631944837698,group_0
349,349,1.9810621813008809,7.250440178510676,0.0006026432262426846,0.5651427206006816,4410.194939582264,1.9435766420466802,2.0761566991841165,1.8306448588280078,0.05106994911263844,group_0
350,350,1.993679999075502,7.342504515527752,0.0006007344249990297,0.2798135901399901,4555.40883441523,1.8872704171725796,2.113537374968291,1.8247572210031897,0.048538634861560986,group_0
351,351,1.98600722612477,7.286382725696499,0.0005988241437143268,0.24442073964007582,4316.4015596995305,1.8998654298532571,2.0964450555910594,1.8396402236706075,0.03992187227124469,group_0
352,352,2.015161797976294,7.501941081898483,0.0005969124119212619,0.33441536667871335,4481.162667072142,1.9211818493218,2.1276517719128867,1.8722294153963417,0.05646171379426783,group_0
353,353,1.9874168571746258,7.296661079669249,0.0005949992591749459,0.5421623199546238,4535.534261994593,1.9045139118882657,2.083951426965258,1.8484053589083684,0.05038114512334921,group_0
354,354,1.9783588353754653,7.2308662001346535,0.000593084715052457,0.6797468105801117,4454.228878713584,1.8887314175237588,2.0450208425479772,1.846475030638946,0.04688172470417494,group_0
355,355,2.0155398324395155,7.504777610287461,0.0005911688091523843,0.6315876223640148,4525.926570957355,1.8933402860351767,2.1183894330025725,1.8802296029323953,0.04204046828504619,group_0
356,356,2.0031085854883304,7.412061349861287,0.0005892515710943694,0.635368175316854,4490.145078115538,1.8953444206929013,2.1059327059777204,1.8118089073251107,0.048261599370744306,group_0
357,357,1.9950372322659282,7.352476772165117,0.0005873330305186495,0.4532962455848449,4450.203400114754,1.9356749070576043,2.1129054639432234,1.836491317602586,0.0419028540046711,group_0
358,358,1.9846744916121069,7.276678380060057,0.0005854132170855975,0.5047878121887587,4397.419869573248,1.9054779308293008,2.1053428491164095,1.8056757371394665,0.04943455983436117,group_0
359,359,1.9841738724352498,7.273036447006002,0.0005834921604752656,0.5831091360584802,4536.797757679022,1.8785737838986631,2.0722165523029163,1.8038069332907574,0.03730583794671992,group_0
360,360,1.9770675265364914,7.2215349447598935,0.0005815698903869244,0.5135977672126503,4560.172059558045,1.9345687021881732,2.0926684580128807,1.8206431094962068,0.04567018352381842,group_0
361,361,1.9928038357442455,7.336074099770272,0.0005796464365386058,0.4605265712937132,4562.5123816040805,1.8911695883904622,2.105824811968777,1.8311384136486974,0.043708426893509525,group_0
362,362,1.994902289716928,7.351484677147436,0.0005777218286666413,0.6084263067733767,4606.519914170853,1.8902108113462395,2.080894466304116,1.876828338581526,0.053315927208158184,group_0
363,363,1.9961963449862279,7.361004062608121,0.0005757960965252042,0.839033917082102,4527.65694259145,1.8666240243502983,2.1045118245619823,1.863295456108147,0.05347574858451408,group_0
364,364,2.026639287914366,7.5885405568193285,0.0005738692698858487,0.8491271438650556,4539.005911894158,1.875290795978684,2.10257689506222,1.8955129099360588,0.05673752253325198,group_0
365,365,1.98976758447065,7.313833716223929,0.0005719413785370497,0.6598941557518541,4507.130649175882,1.8751738754954148,2.094465352108755,1.8304731058673356,0.059714492330779904,group_0
366,366,1.9862849163433551,7.288406363867551,0.0005700124522837422,0.36775594425431984,4412.367558216605,1.8809893814347765,2.0685260758797526,1.8687995809602682,0.04877308497982652,group_0
367,367,1.9968671736786758,7.3659436919758585,0.0005680825209468609,0.3938097424910165,4536.009250031128,1.8718451596053094,2.0748679466892552,1.8348542553755662,0.04897405017768831,group_0
368,368,1.9860205010889151,7.286479452807953,0.0005661516143628792,0.40392376659772616,4532.301605241318,1.875730201399607,2.089803507244731,1.8298033131373272,0.0481496108471575,group_0
369,369,2.02175894586337,7.551596107337115,0.0005642197623833471,0.21908963191966435,4552.331519926213,1.8907769003158326,2.129898485154894,1.8569046479682165,0.05120212726143199,group_0
370,370,1.99323697044408,7.339252296267346,0.0005622869948744309,0.5861861757296484,4594.103286255409,1.9011283349668457,2.0968105022935415,1.8376971365035872,0.04913182654989735,group_0
371,371,1.9655808537856654,7.139058135007979,0.0005603533417164501,0.2623676517014518,4494.804346786044,1.8664816741356385,2.076054708740685,1.8095497601848909,0.05772403679179592,group_0
372,372,1.989588562803164,7.312524498708983,0.0005584188328034171,0.3744979158782904,4495.319856637324,1.8776914019731619,2.0796168372495805,1.8198756763193207,0.047822461792972885,group_0
373,373,1.9898796564129742,7.314653437707374,0.0005564834980425735,0.51737072950521,4364.073570827588,1.8986969228624215,2.1087757260552977,1.8437864267598993,0.04698292908279827,group_0
374,374,1.9755072386166,7.210276056860047,0.0005545473673539287,0.5373044051741639,4503.497305247742,1.8935205572867186,2.093713368378451,1.829440230213055,0.04418840175792564,group_0
375,375,2.0054052294115885,7.429103778223069,0.0005526104706697969,0.30667508985088254,4398.7999126674495,1.8870879692823177,2.0919270905265126,1.84920582498468,0.05190320006303939,group_0
376,376,1.9870025494122256,7.2936386424971635,0.0005506728379343345,0.4485452051386286,4542.587229571969,1.8743398805508609,2.081683964650369,1.7988630420407932,0.047694163483104686,group_0
377,377,1.9882961109201032,7.303079517557303,0.0005487344991030774,0.7136432050572369,4582.116986904097,1.8727746445885605,2.095293412232747,1.8338602449216488,0.04719021200030086,group_0
378,378,1.9932817221418175,7.339580747617051,0.000546795484142477,0.3442860770819607,4596.393097431091,1.851482067599535,2.0838707411653865,1.8694188385796624,0.05074798440694887,group_0
379,379,2.0143332285775295,7.495727777519092,0.0005448558230294383,0.5544012524096461,4554.553045752546,1.862555524029487,2.133071987537004,1.8515053614002435,0.047345359013318516,group_0
380,380,1.964028605522598,7.12798514065944,0.0005429155457508554,0.38575236214957465,4642.271548104182,1.8752962515731435,2.0326181640006635,1.7925801092725842,0.041565421432102706,group_0
381,381,1.9826642147082953,7.262064935033005,0.0005409746823031484,0.4422362213425775,4580.930112485838,1.8540632092901521,2.0921676619107843,1.8171673546251985,0.05125380684404443,group_0
382,382,1.9800419277850534,7.243046663698331,0.0005390332626917988,0.4411509612662026,4503.035986355787,1.849458519995484,2.047198789535718,1.808395737370614,0.045904458401912936,group_0
383,383,2.015778600524679,7.506569725608505,0.0005370913169308875,0.7780885876448294,4533.027228044415,1.8648311226826018,2.073175825460762,1.8476016895813714,0.04669928453042916,group_0
384,384,2.008018162993632,7.448540915885747,0.0005351488750426287,0.1733506740989499,4413.895481002999,1.8654571059373453,2.090599855084748,1.8321763584934836,0.0399081632374434,group_0
385,385,2.0363574572766656,7.662646784365745,0.0005332059670569067,0.5553919491792427,4469.319909624243,1.8717096477642683,2.149039407246244,1.928669968677328,0.0546723591014025,group_0
386,386,1.994222612294674,7.346489736658761,0.0005312626230108123,0.4579869665993437,4490.601957966496,1.8737752058353385,2.0915534012044965,1.8474244746807182,0.042410449129496264,group_0
387,387,2.0062061559752515,7.4350563282427675,0.000529318872948177,0.4026519208606587,4465.935597522263,1.8392886581558816,2.0940152781511694,1.8755665721543142,0.04712139924310766,group_0
388,388,2.012333606606741,7.480754131373353,0.0005273747469191095,0.6133025085085186,4503.133451623995,1.8558177902407251,2.1059298675803273,1.8627992500727117,0.0599350318287081,group_0
389,389,2.0120873619535002,7.478912262450787,0.0005254302749795308,0.5949757206375423,4498.0814358591715,1.855845937318532,2.095342508931856,1.8785642262907627,0.05126077485099531,group_0
390,390,1.9801676606489127,7.243957409952592,0.0005234854871907102,0.37011837400952585,4458.696463213863,1.884012048486998,2.0600466325009075,1.8125031093632746,0.05059088253846454,group_0
391,391,1.9962671592068972,7.361525344831038,0.000521540413618799,0.5164303613792555,4348.996519954702,1.8788257686603642,2.110245111495574,1.843109467678994,0.05369915970257381,group_0
392,392,2.0502955163388066,7.7701969872203716,0.0005195950843343676,0.7129455454099307,4402.942975841803,1.8809495919710213,2.1680646069844784,1.9345954230310187,0.05171444039285535,group_0
393,393,2.000090709591664,7.3897263875925105,0.0005176495294119387,0.206592641325702,4551.313199899894,1.8504273735483099,2.081494974848363,1.844615287865329,0.04598569012732409,group_0
394,394,2.0019258245973948,7.403299835984825,0.0005157037789295246,0.6250089032996289,4521.973639567125,1.8682352647338276,2.091180897338217,1.8595301180270112,0.05187944860965928,group_0
395,395,2.000112458858871,7.389887110474099,0.0005137578629681598,0.29453228270320375,4645.474687240562,1.8354219151638211,2.064311632221316,1.8415370184106887,0.056842957720742646,group_0
396,396,2.000673986487437,7.39403790154148,0.0005118118116114375,0.5234647608650193,4504.77339209767,1.8807421613469255,2.104032189889339,1.8781579525818628,0.04201485580366638,group_0
397,397,2.028847830167639,7.605318690068011,0.0005098656549450445,0.41103287363013696,4494.3765847122995,1.8391815841736685,2.133345551001267,1.8946891020349639,0.05390930077478456,group_0
398,398,1.9821050952812493,7.258005708349356,0.000507919423056295,0.354171064379916,4529.052913821592,1.8549874180332409,2.0639674837244106,1.8044625975299895,0.05710481416197343,group_0
399,399,1.9949841693299537,7.352086638511811,0.0005059731460336663,0.5568781487012402,4626.845687976919,1.871211938636812,2.0845573922003386,1.85710910372008,0.05402642457630704,group_0
400,400,2.006170306291102,7.434789788599474,0.0005040268539663337,0.2697284139957547,4480.946150437778,1.8632012264564886,2.1045644764111313,1.8138588615068028,0.05109406986484224,group_0
401,401,1.965438607764993,7.138042704619105,0.0005020805769437052,0.29911367967864555,4559.335710804507,1.8322099549304611,2.081331438642936,1.7768284243519006,0.05429833779937854,group_0
402,402,2.056591576607266,7.81927294623187,0.0005001343450549556,0.607508260932424,4455.031035599469,1.8759889222168349,2.1551143060546036,1.8779741217183135,0.04383466962311351,group_0
403,403,1.9646174449649036,7.132183615446893,0.0004981881883885626,0.4123336399322233,4453.557532800593,1.8335086519951316,2.084800581434036,1.8304624669230667,0.04800422524807437,group_0
404,404,1.99906106444112,7.3821215074895115,0.0004962421370318403,0.44692363481481695,4484.4494802639965,1.8529405447492209,2.1524598397279453,1.8443688276450145,0.056952695533398365,group_0
405,405,2.0431365098062138,7.714768738557421,0.0004942962210704756,0.5041981208102455,4476.638109692305,1.8659453857726582,2.127106437768061,1.8732551971161708,0.04937743920635749,group_0
406,406,1.9843054304157324,7.273993335934755,0.0004923504705880614,0.24371809257319638,4446.713049322773,1.8761820895425307,2.1278569557727707,1.8416020551750127,0.04733137208080689,group_0
407,407,2.001249449438838,7.3982941209459065,0.0004904049156656326,0.49977964589072726,4600.545834914818,1.8244500154174819,2.097528540051659,1.8633074795596478,0.04797306753355888,group_0
408,408,1.9930899433369889,7.338173306556325,0.0004884595863812011,0.6172519362743254,4494.975675796223,1.8589919539999857,2.101374150531976,1.8181153037023425,0.04934482467395147,group_0
409,409,1.9968701564686375,7.365965663071529,0.00048651451280928994,0.7249466419394748,4518.561538434903,1.8610815516548855,2.0922032946156066,1.838960376201698,0.04678143233267326,group_0
410,410,5.971468789574382,392.08113271020517,0.00048456972502046924,0.3153811806873467,4551.5730536365845,1.8686611047964559,6.1003149961460155,5.82891855075729,0.05039582896799821,group_0
411,411,1.9928525836811641,7.336431726964442,0.0004826252530808906,0.6964238855152007,4491.615648698482,1.8246952704177186,2.1342691472791273,1.8127098049118553,0.05267921583228085,group_0
412,412,1.9772232762023745,7.222659784009097,0.00048068112705182316,0.6442259027283805,4523.241996288807,1.82268740558389,2.081853161524698,1.822895058624708,0.05240363004055911,group_0
413,413,1.9905838353112562,7.3198060762832124,0.00047873737698918777,0.6015174361871167,4475.08392146989,1.8391684984511236,2.0804458413534914,1.8499266013857805,0.051794076971566384,group_0
414,414,2.002755131129257,7.409441987407266,0.0004767940329430934,0.38189710255136033,4532.94660041461,1.8350240239649052,2.0704425167724088,1.8984564678931939,0.04931823836650794,group_0
415,415,1.9861695628017455,7.287565668870294,0.0004748511249573714,0.4953314330558677,4572.749083498949,1.813583982830727,2.1003304946641634,1.8175155411684256,0.0521836083596015,group_0
416,416,1.9902098149176146,7.317068831457784,0.0004729086830691126,0.4892291358896914,4451.990950048104,1.8348058314747997,2.1037656091272026,1.8308629537381775,0.04842122933798012,group_0
417,417,2.015256610102142,7.502652390600257,0.00047096673730820127,0.16609853859450807,4575.95457428698,1.8058397816512222,2.0850797927037323,1.8483760281006498,0.04658351926653219,group_0
418,418,2.003782756542278,7.417060031867477,0.00046902531769685177,0.47983444948717524,4513.484603193039,1.8844502994562085,2.105863082354374,1.8426068388535135,0.047021133343093706,group_0
419,419,1.99787455431992,7.373367739848866,0.00046708445424914464,0.629788460590619,4523.1274861720085,1.8391256315184723,2.1116301809312215,1.8573013196928743,0.045976582862204934,group_0
420,420,2.0136408299001447,7.4905395418909215,0.00046514417697056176,0.4541707084061813,4488.310733930931,1.8617822474244896,2.085953656331274,1.8301433392471993,0.0552330485302273,group_0
421,421,2.0348931337138683,7.651434401407792,0.0004632045158575232,0.3069376098142603,4492.534283127603,1.835286221191887,2.1671584522416523,1.8971796067363351,0.05742265730597632,group_0
422,422,2.0034617894483433,7.414679781674938,0.00046126550089692277,0.6326725320271167,4534.576279220053,1.8544660614312987,2.103576120134498,1.8597384755212767,0.04824799243958201,group_0
423,423,1.9987581279594633,7.379885532269204,0.00045932716206566556,0.8061979956631515,4534.15795757998,1.8203024040564115,2.1028649643807,1.8477352741185389,0.05062771502026213,group_0
424,424,1.9966112984923607,7.364059170872664,0.00045738952933020314,0.628440271531956,4478.956635941858,1.7992405701453145,2.0919201852178806,1.8678128040026423,0.049575291880655355,group_0
425,425,2.0255515705324636,7.58029085683681,0.00045545263264607145,0.5104185829574177,4571.029712517542,1.8511852242135654,2.135340830955305,1.870477933536159,0.06382929514973462,group_0
426,426,2.015381253938142,7.503587608257744,0.00045351650195742647,0.4564897050992671,4552.512500841287,1.833719427318384,2.099448667692063,1.9049276102087047,0.043693024124364994,group_0
427,427,2.001508148645761,7.400208301355377,0.00045158116719658286,0.6420131035726855,4532.3008416339935,1.8461824717922621,2.0965494594201823,1.851478740965887,0.05395282583411803,group_0
428,428,2.0082058884664,7.4499393280052955,0.00044964665828354996,0.5330387115506978,4633.1945675146335,1.7857787160228755,2.110843281755103,1.8595606367352213,0.05003801909457923,group_0
429,429,2.0028458167759444,7.410113947913614,0.00044771300512556916,0.3278895551607103,4447.807514246665,1.8137636984439462,2.0937540522452784,1.8674423880124034,0.04898948288523664,group_0
430,430,2.003617643686704,7.41583548100298,0.0004457802376166529,0.5778786503691046,4516.311679459679,1.8416757237544088,2.0958777236543353,1.884793354534786,0.052006329788125215,group_0
431,431,1.989588702546555,7.312525520586026,0.0004438483856371209,0.6179378164175777,4539.720167585955,1.8337283966524387,2.0867787319277697,1.883680240404738,0.050216763497192035,group_0
432,432,1.991506506254379,7.326562965372351,0.0004419174790531392,0.5196725530098537,4491.833418309956,1.8367404651859434,2.1038722084805994,1.8588854530609846,0.05467477561324596,group_0
433,433,1.9832424050464958,7.266265004916732,0.0004399875477162579,0.6014195948466899,4509.30858481858,1.8221657832392495,2.078125883960781,1.7953335304887235,0.04652730191391834,group_0
434,434,1.982535511716845,7.261130345695272,0.00043805862146295056,0.7605219477008165,4509.685286325756,1.7928296705667766,2.0867811548475648,1.8166284579730252,0.04281674691559077,group_0
435,435,2.0007297330931584,7.394450105546446,0.0004361307301141514,0.37488003841507694,4514.319005019783,1.8234264055891016,2.0972585587702945,1.8756801385662574,0.061313749176024904,group_0
436,436,1.9583710160079526,7.087771789248169,0.00043420390347479593,0.3973400228154799,4596.36494241884,1.7737299118561434,2.063295319731759,1.8174472595107523,0.049605454627727426,group_0
437,437,1.9649922587156998,7.134857356985411,0.00043227817133335877,0.3164365787895408,4529.736266903962,1.838400153556234,2.0862845467628817,1.8161025974688596,0.04487320055976624,group_0
438,438,1.9971052146666044,7.367697297196002,0.00043035356346139426,0.29124327583640486,4543.78171086512,1.7878245528576657,2.088728930135162,1.8433135417593047,0.050738250804804756,group_0
439,439,2.0252853131633195,7.578272817206805,0.0004284301096130756,0.42563016587213975,4490.765649912672,1.8015850390784065,2.113960692479987,1.8888217903265152,0.04844669260226253,group_0
440,440,1.9764684443027227,7.217209947117926,0.0004265078395247345,0.5026084484584492,4476.82635563367,1.8213026580167078,2.093910168889581,1.8126026095330485,0.05477798260739375,group_0
441,441,1.9805076355671467,7.2464205924671425,0.0004245867829144026,0.5484388840209207,4523.257227007866,1.8259909336736366,2.0735892814611248,1.8578607721962062,0.048706364359545555,group_0
442,442,1.995133458492375,7.353184307301112,0.00042266696948135065,0.48891864491357395,4511.768894177156,1.8221032552195686,2.074201936834196,1.835098396956865,0.04490052477686844,group_0
443,443,2.007851167558151,7.447297147406522,0.0004207484289056306,0.49464400066807496,4527.392714424619,1.7815841895255564,2.111122375545528,1.8490909892973169,0.05634697788176991,group_0
444,444,2.0200788815348463,7.538919591756323,0.0004188311908476157,0.521413831968893,4475.588994633748,1.8013198475936163,2.114757323205182,1.8813750442196502,0.05204031114841268,group_0
445,445,2.03382577373477,7.643271923471103,0.00041691528494754306,0.5719002173707616,4526.717634031835,1.7950682562289135,2.127070339509643,1.8882828986732008,0.04737497132051809,group_0
446,446,2.020423673726245,7.541519400534271,0.00041500074082505425,0.5275579814605988,4590.292415178411,1.784593687532673,2.12737718238845,1.9027801591064157,0.051242291907323205,group_0
447,447,2.00302048083596,7.411408341539668,0.00041308758807873835,0.47532745373232843,4463.607663981189,1.8410153825990694,2.117965210211676,1.8335745052327177,0.052054219157294405,group_0
448,448,2.0190517131296057,7.531179827443207,0.0004111758562856734,0.5794326564113582,4486.273775065444,1.804765256938783,2.1233550839827076,1.8578663838754748,0.04505775466329598,group_0
449,449,2.017897111387385,7.522489332089449,0.00040926557500097047,0.6506256724445026,4543.555639320771,1.8179564606213034,2.11276824383919,1.8537739333759518,0.04739833049602747,group_0
450,450,2.0381548159711107,7.6764316936883885,0.0004073567737573155,0.7080096699584535,4393.989137626313,1.7926202930996664,2.148911791063092,1.9091834056139527,0.04940914202057691,group_0
451,451,1.9731180978041276,7.19307025379079,0.0004054494820645131,0.4076888612266347,4465.386768300554,1.81759119238508,2.08238786510793,1.8279016821430565,0.05746249487996221,group_0
452,452,2.021691360140117,7.551085744499301,0.00040354372940903076,0.41765411411498365,4490.269138730974,1.7746315828853452,2.106809033556915,1.8903213670601369,0.04967464355171473,group_0
453,453,2.000954754451843,7.396114201977519,0.0004016395452535425,0.2896869657762225,4505.628320351688,1.7781327892071435,2.09153040820458,1.8738505630309041,0.04553154529069176,group_0
454,454,1.972587236459454,7.189252744217316,0.00039973695903647364,0.47400895414135913,4480.854932563981,1.7921141075752287,2.096956804009249,1.8596139803313103,0.05485253215396918,group_0
455,455,1.9956790770031436,7.357197435491223,0.00039783600017154506,0.25018575579076013,4565.752743510042,1.7803433658117218,2.112252637723387,1.8136386894590186,0.04534054408306392,group_0
456,456,1.9879211252192857,7.30034148056073,0.00039593669804732014,0.6233340499096096,4444.896707128148,1.7821148503784818,2.10203918143377,1.8524460529681095,0.046570338524248044,group_0
457,457,1.9752064720239308,7.2081077727882725,0.000394039082026748,0.4776667187573686,4439.488440710063,1.7896227488254048,2.0591225311483035,1.8435298052136757,0.04796230642205111,group_0
458,458,1.9921948072827123,7.331607582103845,0.00039214318144671184,0.6128075364673071,4513.314543020985,1.7836754022983692,2.0675331899969827,1.854988798111677,0.05356454848505167,group_0
459,459,2.0236497719776954,7.5658883702955535,0.0003902490256175735,0.6128453885708938,4552.372413947338,1.7730439164866643,2.1555314968680213,1.888612717647123,0.052915995399705436,group_0
460,460,2.0086271330080994,7.453078235360589,0.00038835664382272204,0.3902525783187048,4549.91342040978,1.7600914134568086,2.0815225347184496,1.8559948438154796,0.05469455986951649,group_0
461,461,1.9982424741599008,7.376081047237034,0.00038646606531811986,0.3724947377262039,4516.966304097197,1.7896444394417856,2.0874778774541554,1.8696120806649124,0.059039790392566224,group_0
462,462,1.9841649976175366,7.272971900419734,0.00038457731933185045,0.5284019704270562,4486.086924431502,1.7569479540473818,2.0944221037584656,1.8448051304018616,0.04930051626979798,group_0
463,463,1.9877892194072277,7.299378586596489,0.00038269043506366715,0.6789862628671794,4440.527178389721,1.7976397094033105,2.076044235360677,1.8419946509257052,0.047967253799848966,group_0
464,464,1.993590306238434,7.3418459750001945,0.00038080544168454133,0.49592011990623003,4585.250952988,1.7788863635741092,2.057663871282139,1.8650264098142246,0.04245654262148109,group_0
465,465,2.0449252871678967,7.72858109215731,0.0003789223683362116,0.23703047024703616,4448.3944776994995,1.7703944892347747,2.1125759542132156,1.8982935062635427,0.0493640651700655,group_0
466,466,1.9990937565008708,7.382362848191863,0.00037704124413073277,0.737976180541992,4514.055559834573,1.7494573380519078,2.117910517297789,1.8351278028217974,0.04464407673619469,group_0
467,467,1.9716927617922602,7.182825014910636,0.0003751620981500266,0.4866572159443063,4475.67701364773,1.7907045987624348,2.06843168682855,1.819680262770235,0.045296198544636436,group_0
468,468,2.0243753159464686,7.5713797468477075,0.0003732849594454315,0.6298239174472006,4553.008781334264,1.7845020126161732,2.109154964508339,1.8663923688082131,0.045800018915197194,group_0
469,469,1.998005054294621,7.374330026940234,0.00037140985703725394,0.5697310129239692,4433.363136770553,1.7496715100604998,2.108886005984185,1.852721841468693,0.052620129971929504,group_0
470,470,1.993809074187347,7.3434523112864225,0.0003695368199143191,0.5296649710713793,4568.854466464207,1.7539780603725308,2.103496153604368,1.8407226485427928,0.055078711387504094,group_0
471,471,1.9933152943563448,7.339827157732693,0.0003676658770335233,0.3616569998741752,4512.5221922547325,1.7611191925591654,2.0942310821515924,1.8188100773858271,0.043430562031300614,group_0
472,472,2.0212292504814084,7.547597120968428,0.00036579705731938666,0.5604158798516871,4588.90485334553,1.7582998084572197,2.1139084617750483,1.854782852977723,0.046066104959236714,group_0
473,473,1.9886735961324522,7.305836842471738,0.00036393038966360465,0.5200088723874321,4511.966956301527,1.7464886422551278,2.0678641656365917,1.8509482561892954,0.05049783036552511,group_0
474,474,2.0367870362729485,7.665939203606689,0.00036206590292460266,0.30179033045943604,4499.9260655665,1.8100374055362518,2.136695010095523,1.8766668138666118,0.05017507273216283,group_0
475,475,2.030086687271492,7.614746431760871,0.0003602036259270895,0.8641410245021413,4449.14067696425,1.7658560491009596,2.120905859934091,1.889488147611122,0.05410487610742541,group_0
476,476,2.0097129825986553,7.461175552749615,0.00035834358746161127,0.1387941367295723,4492.373891801425,1.7461144695126503,2.1086410360888026,1.8478190484705561,0.052038831474979556,group_0
477,477,1.9774507417451617,7.224302877103681,0.00035648581628410696,0.45535047194664985,4461.295983908373,1.735719030484219,2.0803482030076323,1.818979105479747,0.04192690689103044,group_0
478,478,2.0176032273681415,7.520278917508485,0.00035463034111546366,0.4213878804022169,4552.838602137499,1.7210024526676482,2.1302827905434034,1.8717303708223558,0.05468042304698045,group_0
479,479,2.0309645549794952,7.6214341067754265,0.00035277719064107224,0.5007032863414446,4484.231092802345,1.7616362147813118,2.1087014205739907,1.8930798977961052,0.046212386283063366,group_0
480,480,2.0143854474507137,7.496119206197223,0.00035092639351038443,0.3962227234789161,4602.249904368623,1.798750870650421,2.1077712790506413,1.8772145502167796,0.05879027309848557,group_0
481,481,1.9880910446630984,7.301582055920703,0.0003490779783364691,0.4163750303713696,4487.313426858146,1.7443870008630358,2.0816939122810676,1.808160372668795,0.054518623425998045,group_0
482,482,2.020875985311839,7.544931288692216,0.00034723197369557093,0.768089659089332,4464.979455331373,1.7290995685692505,2.128771443157227,1.8873984859795763,0.05458358314590429,group_0
483,483,2.0022173776806915,7.405458605561248,0.00034538840812666784,0.5991668678511718,4547.385108991842,1.700557609744527,2.0969285225361802,1.8426979321272088,0.047704255994239476,group_0
484,484,1.9753342676914136,7.209028996595336,0.00034354731013103,0.48129878244254065,4451.699711030432,1.7837511556889951,2.070993298960672,1.8486227407633367,0.04113361960748924,group_0
485,485,1.9462938553171791,7.00268645920571,0.00034170870817177933,0.5832787753760476,4475.58180517481,1.7303602413152532,2.014951023518697,1.797344390765871,0.04514540624159714,group_0
486,486,2.0267935481687593,7.589711257310054,0.00033987263067344924,0.41872578280770734,4591.337698806661,1.7685987949808124,2.1341236388863187,1.843953207160979,0.049268952572809346,group_0
487,487,2.004316001618416,7.421016197318019,0.0003380391060215456,0.4453214644655985,4468.163814378475,1.7198208584333534,2.1138343935598023,1.8737613492349012,0.04847693870390997,group_0
488,488,1.9854162066751617,7.282077604118931,0.00033620816256210717,0.48593126489567495,4440.1792553656105,1.7311935280353428,2.0832503924503967,1.8442019516836434,0.04669008701230365,group_0
489,489,1.9810042834570984,7.250020405809951,0.0003343798286012684,0.6271938244777834,4432.877267907774,1.7535472350356376,2.0435778200706003,1.8436827311095128,0.050685772682024455,group_0
490,490,1.983794245208019,7.27027592836325,0.00033255413240482055,0.4182267372736938,4421.604073788715,1.7113978501904255,2.065419030679802,1.839254798477472,0.04863256380524263,group_0
491,491,1.9760867653123224,7.214455815342355,0.0003307311021977761,0.4398495349580499,4359.460205980279,1.7433020270681978,2.0684076217428475,1.8291646520518363,0.049396033130519074,group_0
492,492,2.012702073093782,7.483511046452772,0.00032891076616393147,0.39515551322365683,4473.120445990199,1.759915992943243,2.1283846599416854,1.8456302370459778,0.05222051154093198,group_0
493,493,2.0624384999763805,7.86512555366332,0.00032709315244543115,0.5394274151666447,4482.139470210312,1.7557347621566834,2.160753170686858,1.9145209525003735,0.042126026827646865,group_0
494,494,1.9857570316863196,7.284559941296876,0.0003252782891423337,0.5033700060448508,4456.594234366031,1.7350528786565456,2.1070727628451547,1.8442781714827514,0.04651372373448987,group_0
495,495,1.9830132121485182,7.264599819414416,0.0003234662043121759,0.3691507286131438,4518.6083792880045,1.762576229134853,2.0747913844131296,1.8244921464293666,0.05174299204505316,group_0
496,496,1.984460156174594,7.2751188971480225,0.0003216569259695404,0.0883584777281668,4447.348929949561,1.7338789513522568,2.056997059072484,1.8551515215241412,0.04988999744969872,group_0
497,497,2.02293423331316,7.560476621023873,0.0003198504820856212,0.10521540602775825,4524.137761801046,1.7190002126973782,2.0786035276517874,1.858708136662483,0.04886697919680468,group_0
498,498,2.0204735934542892,7.541895880528596,0.0003180469005877929,0.4470261727002786,4468.449238353505,1.7831795291363868,2.1258347399118542,1.8947984894784198,0.045414326682205595,group_0
499,499,1.9862317181718765,7.288018644289078,0.0003162462093591771,0.6140622362354748,4614.533016143125,1.7251339093454348,2.116023864259159,1.8450844314127062,0.043391143015223885,group_0
500,500,2.0218320836340102,7.552148434438921,0.0003144484362382128,0.3765610170213498,2378.9891747530733,1.7575556194533435,2.0879135647402967,1.8588071713735135,0.056130920284872196,group_0
501,501,1.9651717049312314,7.136137795017924,0.000312653609018225,0.6661683175458328,2269.0123602575923,1.7258026108204652,2.0921221394573455,1.7857259782524328,0.04833713122609504,group_0
502,502,2.016218657178201,7.509873768491095,0.0003108617554469961,0.4961453206238144,2253.3084416994097,1.753331531388863,2.0999360794795505,1.8419070369690602,0.05576050603805101,group_0
503,503,1.9969701795496326,7.366702466499714,0.00030907290322633587,0.38823504272372084,2317.5336156864596,1.730822606525846,2.112113396773067,1.8317380058428119,0.04951397848188077,group_0
504,504,1.9843180454812352,7.274085098415949,0.00030728708001165344,0.3351309696190894,2415.8523235826856,1.7439459751358948,2.0950678226376724,1.8546341594850728,0.048222022637718874,group_0
505,505,2.0369396826563944,7.667109470818091,0.00030550431341153057,0.2779461402873443,2410.3504949106677,1.7313137482781287,2.109369832386562,1.8869649910306487,0.054853025293338735,group_0
506,506,1.9903022686638723,7.317745353155878,0.0003037246309872934,0.36712938330736783,2390.4319360980394,1.7631723749214492,2.069663025076866,1.8094338311940952,0.05083662759356294,group_0
507,507,1.9813749107233039,7.252707959062382,0.0003019480602525878,0.5051861514230049,2252.1959490575346,1.724631415334194,2.0517440402516214,1.8484638786944396,0.051113175887084444,group_0
508,508,2.0098112789183395,7.461908994893709,0.0003001746286729529,0.5170621988429892,2210.231748831638,1.694009607655324,2.1191861420263467,1.8641862245617666,0.05116297539459326,group_0
509,509,1.9971780852585928,7.368234205221805,0.0002984043636653974,0.33277357324180035,2365.4781969773576,1.7195013219889599,2.09448103968747,1.844915637775716,0.04375991135552639,group_0
510,510,2.048255238880362,7.754359791090638,0.00029663729259797426,0.45105829212336457,2439.991975836847,1.723722150120893,2.157046151657188,1.847212923113689,0.040358374944780256,group_0
511,511,1.995734815760626,7.357607527963746,0.0002948734427893599,0.7594494657698045,2321.6755476921335,1.7084097463186858,2.0840309460911,1.8129615587602734,0.043654333028531556,group_0
512,512,2.0311176008291034,7.622600624896632,0.0002931128415084294,0.5619977004209289,2404.8060432762904,1.7358153010204733,2.1001762912436037,1.9292253153568673,0.0429982992454488,group_0
513,513,2.008501720364595,7.452143583726639,0.00029135551597383666,0.6009230829597011,2601.1201145383875,1.7411893742398499,2.1062312354575825,1.8404027656816762,0.05232113513071602,group_0
514,514,1.9897633857894639,7.313803007832374,0.00028960149335359307,0.36687992899213073,2402.556791718954,1.7034574234018278,2.103555043269181,1.8442454452548622,0.041747585171246326,group_0
515,515,2.023018546986257,7.561114099451852,0.00028785080076464695,0.47496850438537686,2358.628982053307,1.7169214574184926,2.125719936887381,1.8887404960417846,0.05542952024714065,group_0
516,516,1.9775178477107713,7.224787687190748,0.00028610346527246504,0.5463394672364063,2371.14882655468,1.6922943306733471,2.077469002103301,1.828035045221918,0.047256849378192745,group_0
517,517,1.9824030060015994,7.260168268167117,0.00028435951389061364,0.6443443060417544,2429.2638159427174,1.7260961102415917,2.077310803514019,1.832296239495296,0.0495761748350254,group_0
518,518,1.9947215872305823,7.350156365606158,0.0002826189735803416,0.5673936802646731,2469.737930748806,1.6899647175936123,2.110357642778267,1.845703450521891,0.055306245514144085,group_0
519,519,1.954707525811451,7.061853311815207,0.00028088187125016253,0.8864431928717051,2287.757048951342,1.74305736165114,2.062720154212176,1.8235639616632269,0.04773746446346916,group_0
520,520,1.9539408114778185,7.056440962786954,0.00027914823375544003,0.47046023583449964,2367.698732120501,1.6759338779641946,2.057164800436495,1.7895363557184871,0.053816501882096274,group_0
521,521,2.011582111014504,7.475134489449556,0.000277418087897971,0.7081651357931071,2476.9080597034167,1.737740474876591,2.095959784684886,1.8719790978181727,0.0462635484897431,group_0
522,522,2.0068701106217475,7.439994507621025,0.00027569146042557283,0.47916746063768956,2347.4870475620837,1.7077759364541338,2.1128268200660316,1.822099260538838,0.054866389598162084,group_0
523,523,1.9948193605067654,7.350875049607954,0.0002739683780316687,0.504534268600176,2363.86394174608,1.6869258600326764,2.0848193440144387,1.8579472888443014,0.04490407650090369,group_0
524,524,2.0087040381270262,7.45365143726945,0.00027224886735487537,0.6765226057940666,2269.1943908085236,1.7214031702495858,2.1292626684589875,1.8377633411462742,0.04522662012364125,group_0
525,525,1.994841071898336,7.351034649067099,0.0002705329549785918,0.2715350783248452,2376.141460128732,1.6818308405146951,2.109132742698117,1.8472155934868526,0.051489239894132253,group_0
526,526,2.0090734372961134,7.456405318526451,0.00026882066743058705,0.5295877810068752,2315.336919866837,1.6805832876113926,2.075408964288347,1.8582681399457046,0.042760418958279055,group_0
527,527,2.007640450157972,7.445728037638433,0.00026711203118259157,0.6753116871505662,2466.5677309245775,1.6850479839200563,2.093534696627501,1.8768364977905494,0.04806137103734058,group_0
528,528,2.0276290680746856,7.596055262047831,0.0002654070726498865,0.5105486143602308,2429.4152468840925,1.6934372505385276,2.155175607382182,1.914497677840677,0.05401988242209521,group_0
529,529,2.0034495573797755,7.414589085358143,0.00026370581819089664,0.6206734614196698,2516.374218281013,1.6855843948058378,2.0750759137961845,1.8788997996625207,0.0517396014087767,group_0
530,530,1.9998708166884795,7.388101617847621,0.00026200829410678183,0.48157396167585304,2464.187995483235,1.7033651907691967,2.136084957369637,1.8505999066864127,0.04424596139874623,group_0
531,531,2.0373454213181295,7.670220944734104,0.0002603145266410311,0.3042781969484615,2380.3827222415966,1.6820580541264738,2.1658840136629256,1.9141878785828252,0.04678091517728681,group_0
532,532,1.9765922846570414,7.218103784300383,0.00025862454197905636,0.22124466153913036,2458.6080705262198,1.691259973180441,2.147069862649113,1.8211239692892056,0.039237029407235585,group_0
533,533,2.0223193253082097,7.555829052488354,0.00025693836624778846,0.5703609784923231,2391.545643478819,1.7100946715927599,2.1116913425062536,1.8679848355653732,0.05467847647525894,group_0
534,534,2.0281192603192557,7.599779702197873,0.00025525602551527206,0.5456470667463681,2380.9866338531397,1.6733728113934698,2.130347980138561,1.8537918836112002,0.04488233757860743,group_0
535,535,1.9949183283169325,7.3516025856151535,0.0002535775457902637,0.4949403198242265,2297.9036612931554,1.7022883971267246,2.1096904811620423,1.8353218112696297,0.05092689243002304,group_0
536,536,1.9796887158121068,7.240488784659446,0.0002519029530218294,0.41021462557516725,2601.5285589875325,1.7004428686595572,2.10008485732608,1.8126177520686766,0.045984178339462424,group_0
537,537,2.0063207469106548,7.4359083671192305,0.0002502322730989429,0.6304142430481059,2541.7415886971016,1.7224278683132894,2.1304016187801795,1.8639028030527793,0.04330072304428045,group_0
538,538,1.9827772688478933,7.262885987946781,0.0002485655318500861,0.5838508613175226,2413.2888846062538,1.6909649135817983,2.0692118327689712,1.8215882124384184,0.046283470800368244,group_0
539,539,2.0287480912657765,7.604560181760571,0.0002469027550428495,0.6937738006315961,2324.0638099488488,1.6807242363826178,2.1593304245201725,1.8993327804029696,0.04829579697504155,group_0
540,540,1.9698816406502475,7.169827821964958,0.00024524396838353403,0.5560769441757506,2344.2669448066185,1.6963197835415187,2.073624147256597,1.8283262275768966,0.051634071870553605,group_0
541,541,2.0015843475663355,7.400772210724337,0.0002435891975167532,0.2922898050875262,2371.414781114169,1.6678653532480072,2.0877704763218192,1.850166933928702,0.048890050941202245,group_0
542,542,2.0184282806333513,7.526486108464138,0.00024193846802503743,0.8650306005023105,2546.2279505119786,1.7243913880673716,2.11500467167922,1.8356648824245827,0.0519004814737921,group_0
543,543,1.955882540650839,7.070155971168883,0.00024029180542843733,0.6484765818981223,2351.106169676203,1.6944479961163579,2.048307940278415,1.7732126305653364,0.0440893174690511,group_0
544,544,1.9620177562462153,7.113666238299395,0.00023864923518413056,0.9438111228981698,2450.465508449097,1.7067050597899174,2.0878954333481827,1.818639744850718,0.05148047595338877,group_0
545,545,2.0009575745369164,7.396135059678192,0.00023701078268602708,0.46942865016833574,2387.2473974777295,1.6974856274593666,2.100121712363207,1.8426324039929542,0.049041990277302085,group_0
546,546,1.978799586139585,7.23405391237931,0.00023537647326437715,0.5299852344529704,2383.8196816647796,1.6948163664989544,2.0857243482822563,1.8157037007590036,0.0463558509013983,group_0
547,547,1.9681783180261039,7.1576256870609924,0.00023374633218538004,0.6240261867712864,2370.1419811621,1.6972977704826542,2.050023601066475,1.8010462505849572,0.04396525338401937,group_0
548,548,1.984090634952056,7.272431082951816,0.00023212038465079228,0.4199236978502621,2511.016000091699,1.7070389184488204,2.1005333212841424,1.8206730911876536,0.06088238221769408,group_0
549,549,1.9944467061378852,7.348136224254936,0.0002304986557975397,0.1775054376716858,2502.2282665935227,1.6875849276232053,2.095998387643376,1.8250577817373204,0.05418039039002221,group_0
550,550,2.007230095894054,7.442673278199859,0.00022888117069732683,0.5872863301954924,2510.862839821885,1.6740639883289248,2.09300006195251,1.8304768451777758,0.046748041791652165,group_0
551,551,1.978643816814936,7.2329271564461886,0.00022726795435625146,0.2902437590304862,2235.9285034085697,1.6828333956689419,2.080866728641047,1.8113123260202155,0.048774337213009056,group_0
552,552,2.003597559645749,7.41568654255511,0.00022565903171441624,0.5375905474034487,2383.294453933995,1.6618763062507178,2.1099112227101555,1.8666410991011642,0.049287545089164234,group_0
553,553,1.982228886072576,7.258904238233161,0.0002240544276455439,0.5303518284627536,2257.647354115397,1.7204833769447876,2.060561786171011,1.8182952674561637,0.04507356624136505,group_0
554,554,1.9914069550789786,7.3258336337210155,0.00022245416695659262,0.274714324588199,2418.0960900931254,1.6858108575260817,2.076372154261547,1.8249860584452224,0.06053205353806815,group_0
555,555,1.986826967183031,7.2923581215870215,0.00022085827438737276,0.18538493681081336,2393.6248674458975,1.681673968082775,2.0841234170431333,1.8424545941530222,0.04351401729710939,group_0
556,556,2.0033407599484665,7.413782440992657,0.00021926677461016428,0.38053609307402825,2514.7035700438305,1.6507448290892315,2.09944394783911,1.8391510643888669,0.05058126226590274,group_0
557,557,2.008260362813989,7.450345169643646,0.00021767969222933443,0.528156724141597,2481.229559663237,1.6326217447511557,2.0876414198716677,1.8627625038686808,0.053352637105966716,group_0
558,558,2.010264193236832,7.465289365772187,0.0002160970517809591,0.4306830466701036,2217.5284616285912,1.6701441636771455,2.0471398033302295,1.854057713469226,0.05591179175852067,group_0
559,559,1.9851707766720057,7.280290583092828,0.00021451887773244184,0.569283706438347,2348.4404065141625,1.6644847351788432,2.090874216439684,1.8072660457664251,0.046801748501059476,group_0
560,560,1.9944243220396543,7.347971744692748,0.00021294519448213637,0.6182392672669528,2250.4551072258228,1.6352258701276465,2.0732439196154977,1.8411108786089772,0.0515195846714179,group_0
561,561,1.9764807456464268,7.2172987290441375,0.00021137602635896917,0.5957566695675576,2287.761355812938,1.6498046772653183,2.060247093336834,1.8215984237981708,0.04272978829065528,group_0
562,562,2.00333000156585,7.413702681113567,0.00020981139762206417,0.3059549077617412,2433.950104775313,1.6492954884632636,2.0812201565498682,1.857630259631258,0.05086171504764171,group_0
563,563,2.0051008960934125,7.4268431984214915,0.00020825133246036605,0.6346722003349152,2338.9691990053093,1.6594507947747152,2.113593251016456,1.9018820256702045,0.049349658875707726,group_0
564,564,1.9830143943014755,7.264608407287652,0.00020669585499226813,0.43805407447945766,2378.1685458333554,1.6910560955958631,2.0648008291111406,1.8133902038253191,0.04751302780361101,group_0
565,565,2.01644172089558,7.511549135700813,0.00020514498926523783,0.5971856204916334,2347.867451223325,1.6630516655657228,2.1570702546985068,1.8405216092133487,0.05627648320142345,group_0
566,566,1.9901002704349882,7.316267330839087,0.00020359875925544645,0.4660871155378634,2288.0289281930163,1.6709505195824081,2.080384649445879,1.8482060891339547,0.05973796051856327,group_0
567,567,1.9848320730978042,7.277825140201839,0.0002020571888673971,0.5525226329381532,2495.8509542578977,1.6626032059985725,2.1040064011933817,1.8572041326484416,0.05267709914644362,group_0
568,568,2.0030858742930877,7.41189301500037,0.0002005203019335559,0.8081516416201526,2416.5251950283355,1.6494425022705157,2.106502433868565,1.860866305049489,0.048135284250242175,group_0
569,569,2.006259111925668,7.435450069142399,0.00019898812221398385,0.26005731866384413,2217.4388897275066,1.6567661331874415,2.092415662853373,1.8438685170215623,0.05466105743877822,group_0
570,570,1.9940206597049914,7.345006243834017,0.00019746067339596846,0.5665685580038073,2442.5696183677132,1.6478999210226741,2.102502876731635,1.864735377774536,0.045668817935121654,group_0
571,571,2.0133715299606707,7.48852261163745,0.0001959379790936588,0.547269330086606,2263.4705637607713,1.6819921055962401,2.1010382189992853,1.855810888016687,0.049818250768765227,group_0
572,572,1.993087770012801,7.338157358344112,0.00019442006284769905,0.3247229207658226,2311.088725473935,1.6541984746395886,2.0958784740102416,1.8445953844130298,0.05292277590836862,group_0
573,573,1.9995158089294793,7.385479249957019,0.00019290694812486593,0.11926243784332646,2524.2321604242516,1.6537093334767543,2.1098112261372832,1.8791307573984946,0.04421508688043866,group_0
574,574,2.0284425695891057,7.602237178665466,0.00019139865831770502,0.6711818147297068,2333.020593230922,1.68638163274266,2.134313670779261,1.8819193325767052,0.056718964639123605,group_0
575,575,2.027087818361828,7.591945011754634,0.00018989521674416923,0.7189353006903437,2522.155372415566,1.663783173172295,2.1356767551170304,1.8796350504449932,0.04659636145359184,group_0
576,576,2.049975868176361,7.767713654949009,0.00018839664664725846,0.4419910723863923,2410.5328132433765,1.6826316896725684,2.1177270558606796,1.8726756601723364,0.050884929183700814,group_0
577,577,1.9979407523665846,7.3738558585466585,0.00018690297119466058,0.6040169359429174,2283.4255987043402,1.6559854027245795,2.07910462086228,1.8624573945053735,0.04975420900269725,group_0
578,578,1.977794513783796,7.226786817361595,0.0001854142134783928,0.49873607442564916,2442.831851129308,1.6432653435018103,2.089294998731635,1.8415924322415242,0.04873352883870247,group_0
579,579,2.0031673606921805,7.4124970080809,0.00018393039651444463,0.26834833344009523,2360.041800929324,1.6489589558554623,2.1309519807362816,1.873581026127129,0.04294293182304964,group_0
580,580,2.018269782343149,7.525293267818814,0.00018245154324242208,0.5262565740295925,2449.4168452950667,1.653286419113153,2.119541913021835,1.877476419430123,0.057828716916015,group_0
581,581,2.0133990717960937,7.4887288621350265,0.0001809776765251938,0.42671206910471254,2338.390416706121,1.6634197225572962,2.1325100622072615,1.8493884413001094,0.05573118384983196,group_0
582,582,1.9503861749833353,7.031402408064086,0.00017950881914853643,0.4186054166651006,2581.195031757085,1.6886298509680095,2.0922511682363742,1.8316740782989613,0.05140094769501848,group_0
583,583,2.0151890427363344,7.502145473267381,0.00017804499382078286,0.2983970493195608,2337.3053386065067,1.6361266951662248,2.1069978444281605,1.8606554386369003,0.04694836776430203,group_0
584,584,1.9752585733109205,7.208483334263528,0.00017658622317247175,0.06662856969743142,2463.88589638789,1.6361843602758028,2.0890298187937026,1.8141576482901551,0.05005563044472347,group_0
585,585,1.9993537546220723,7.384282498204305,0.00017513252975599638,0.5999624864224712,2423.201076346736,1.6596765616550835,2.127755486851899,1.873777258981021,0.053657818786440235,group_0
586,586,2.0057286013920104,7.431506530695067,0.00017368393604525752,0.6066025334486461,2355.8699306407702,1.6484776408766495,2.1090334345086577,1.843102980325091,0.05437833923580964,group_0
587,587,1.9918296782362397,7.328931087880908,0.00017224046443531447,0.5237440515874415,2512.157882345235,1.6475114244957494,2.0820174472349424,1.8153416412873558,0.05001348036631532,group_0
588,588,2.005041577368923,7.426402660622179,0.00017080213724203982,0.29091182444555586,2554.12675557458,1.649038947483879,2.0871994808175813,1.8572286499308488,0.055684773487367716,group_0
589,589,1.9878865572701157,7.300089127089203,0.0001693689767017745,0.6419005149937275,2324.8626386579726,1.638753462826206,2.081158547374358,1.8491069754978922,0.04628266163148571,group_0
590,590,1.9957577929832775,7.357776587292348,0.00016794100497098314,0.4961020602347069,2518.5062778207844,1.6214362982360357,2.0785453162314935,1.8433950492650943,0.04758495102672761,group_0
591,591,2.0255430376104204,7.580226175081826,0.00016651824412591254,0.5069828365026372,2239.5907391173087,1.642283745043986,2.14871466052938,1.8635399298155322,0.045618701360476646,group_0
592,592,2.000840460192505,7.395268916889363,0.0001651007161622496,0.28705929021276283,2405.5632849444823,1.6125008839232962,2.0904664623589744,1.8612485587612924,0.05192165251290015,group_0
593,593,1.9686967735711627,7.161337559925294,0.00016368844299478197,0.43790934236970236,2490.8966256216177,1.6424288382335457,2.047655729451764,1.794095632271962,0.053323053192995205,group_0
594,594,1.9683204851873728,7.158643338722958,0.00016228144645705854,0.29769305522188616,2457.21030798942,1.622720303328299,2.0497693811851945,1.8201367616676365,0.04257214792790295,group_0
595,595,2.002381922777423,7.406677237721065,0.00016087974830105207,0.7955159314831972,2397.7671730390703,1.667637895361,2.0897509833390298,1.812806512942922,0.03374237504461029,group_0
596,596,2.020268931582817,7.540352499944204,0.00015948337019682378,0.3464913373392445,2461.304801410485,1.6394550504889536,2.166499339455763,1.834564557944152,0.05779216490879672,group_0
597,597,1.9776471513946654,7.225721939253869,0.0001580923337321869,0.2420449219936101,2356.4741208289124,1.6135161321042448,2.0767775555412706,1.8237363164779106,0.04820333240319572,group_0
598,598,2.018538416764212,7.527315092172792,0.00015670666041237385,0.4051853132623985,2309.9237644888376,1.6810531914953912,2.095918369110466,1.8789542051036852,0.056073412844418344,group_0
599,599,1.9294911411592575,6.886005345210859,0.00015532637165970373,0.42198326529652413,2405.7329263165066,1.6560241584493993,2.0410785160245646,1.8155291570888152,0.04890574724116439,group_0
600,600,2.0627629786058224,7.8676780329134495,0.00015395148881325107,0.5358908961526839,2437.7878559667965,1.634250619860157,2.168491142907281,1.9269000705124333,0.05631605385602714,group_0
601,601,2.028853200035252,7.605359529732185,0.0001525820331285155,0.30958215376683407,2477.9119897713417,1.653677379855893,2.129137379789412,1.880224940532576,0.03922802931259423,group_0
602,602,2.0067912452519585,7.439407772839785,0.00015121802577709357,0.5301883876917246,2459.3766523995537,1.6535767175695222,2.120121476080576,1.8791496889489683,0.05522632944871124,group_0
603,603,2.0200768114025687,7.538903985211691,0.0001498594878463513,0.5430619341234726,2343.358470940603,1.6196127672283902,2.1325644475346524,1.8822246839786692,0.05118464420592273,group_0
604,604,1.9947882225624864,7.3506461620338195,0.0001485064403390986,0.49428183966583156,2525.1412011494963,1.6205839332882035,2.0903842962327523,1.857174932978234,0.05384854485012619,group_0
605,605,2.0064406672579853,7.43680013730296,0.00014715890417326354,0.40440092803139543,2314.2854600965798,1.6396111182213373,2.12724435174535,1.8579562496230597,0.05508389339357673,group_0
606,606,2.0721648779750614,7.941997976902843,0.00014581690018157034,0.5181422680325506,2357.5353984736184,1.6269067768013734,2.158456022449182,1.9314453652746044,0.05230221566977355,group_0
607,607,2.077931107914238,7.987925650923033,0.0001444804491112159,0.4382611832151478,2490.0784013147,1.6053981175412602,2.158021369418903,1.902731228006319,0.0503210033371837,group_0
608,608,2.1098266091906157,8.246811239376257,0.00014314957162355025,0.25731285903820633,2514.414230552358,1.6421297498309948,2.2247217743309102,1.9342326220478427,0.04799837354305134,group_0
609,609,2.0417454847945353,7.704044762671311,0.00014182428829375627,0.6338380493943261,2287.9776880512777,1.5959554029298706,2.166761811059019,1.9277780832806213,0.045816435946234524,group_0
610,610,2.0256479539367374,7.581021506285652,0.00014050461961053194,0.42380798663334096,2411.2536863355735,1.6144668498547772,2.1134371414969637,1.8982857056563485,0.04148100320781899,group_0
611,611,2.0375018928023736,7.671421209490962,0.0001391905859757738,0.5361068620124883,2451.1900404708103,1.6680334615758663,2.1559983891844787,1.8839075556794904,0.06306851009590982,group_0
612,612,2.0508137490890634,7.774224801357551,0.000137882207704261,0.5268831180786224,2264.4906891605533,1.5833780264156203,2.1614126847129524,1.9319973354537445,0.05022310531007311,group_0
613,613,2.1118733154522182,8.26370732434144,0.000136579505023342,0.5603889165166731,2331.7103993722176,1.6131490251698828,2.1738794353281277,1.9827308492513942,0.051910062310628044,group_0
614,614,2.0726690969521075,7.946003492742147,0.00013528249807262082,0.5097595147171128,2524.62763941674,1.6260776730811313,2.1873038747365277,1.9392172641210474,0.053247862669087494,group_0
615,615,2.0517827743907926,7.781761873108229,0.00013399120690364686,0.4122561210817919,2239.3922617829294,1.594409109285886,2.142060880410887,1.8710950868212892,0.04780237021797794,group_0
616,616,2.0031523883439775,7.41238602642547,0.00013270565147960396,0.47274119494509215,2333.584957493711,1.5652285414744096,2.117231524862628,1.8454025411970039,0.04703698770608082,group_0
617,617,2.06704280588827,7.901422494734521,0.00013142585167500223,0.3989305824768752,2477.8831036213196,1.6098961327980543,2.179833486608092,1.9343521418654497,0.056858194555733765,group_0
618,618,2.0252280079790568,7.5778385553294685,0.00013015182727537053,0.5427182212395516,2260.508642670256,1.62094501580188,2.09270031631328,1.8646380681493455,0.04540157755180021,group_0
619,619,2.093333784561334,8.111913507984957,0.00012888359797695102,0.35718873937688833,2295.8187497798026,1.6064504819082566,2.207363509332441,1.9243539472071474,0.047688141344097774,group_0
620,620,2.0956596414288606,8.130802615891733,0.00012762118338639444,0.38308061085684875,2543.906317362625,1.5854056095063576,2.2096278005827332,1.941218695820031,0.04237127273343588,group_0
621,621,2.1193404780990215,8.325644731550081,0.00012636460302045652,0.09725259797798685,2424.781224322304,1.594230639395611,2.2039875432096006,1.9682216392325451,0.049758603671297745,group_0
622,622,2.038245036380384,7.677124295740501,0.00012511387630569724,0.4874942964130323,2318.8332380168654,1.6021301815260296,2.135684336054361,1.8938772549711265,0.0478893057844967,group_0
623,623,2.0732904981462252,7.9509426832515055,0.00012386902257817948,0.5664328125426242,2373.4321072179396,1.6337067650258317,2.1957997729597674,1.9083634226429043,0.053839706987052004,group_0
624,624,2.134023294463841,8.448790495221207,0.00012263006108317079,0.43409062581111924,2521.6324655336207,1.6181620152779532,2.248508186511128,1.9345039054447848,0.05031198788129374,group_0
625,625,2.100996283237579,8.174309784902656,0.00012139701097484525,0.475637281366658,2232.7118041952144,1.555615245870277,2.230472796093558,1.9677791674834646,0.047515330908883845,group_0
626,626,2.107854650770977,8.230564894340691,0.00012016989131598843,0.3289333405329072,2455.12546023402,1.5904501518912433,2.204556086131649,1.9785765069934662,0.05657008608948586,group_0
627,627,2.0735861740097374,7.953293932681835,0.00011894872107770117,0.3295217946230001,2384.805020011329,1.6193049206312629,2.1683561205863957,1.9197366044156332,0.04911817392353809,group_0
628,628,2.119970405101036,8.330890932163902,0.00011773351913910773,0.08697630994504962,2355.315659485572,1.5985695900105756,2.192503317578101,1.9515824432451918,0.04539992855338117,group_0
629,629,2.1368451917871027,8.472665785469843,0.0001165243042870628,0.7672009280446975,2369.772265636524,1.5524346276807819,2.2254142540562674,2.004256107242278,0.04413158082280918,group_0
630,630,2.1436398472715164,8.530430654471301,0.00011532109521586196,0.6317102228884065,2474.655893476047,1.6026426136644931,2.2549280635054902,1.9626418539853103,0.05352689676051196,group_0
631,631,2.0846507717807006,8.041782573843038,0.00011412391052695187,0.5160156882002233,2570.4778163253127,1.5971072725859654,2.1723200452971585,1.9501024004883274,0.045525339788309575,group_0
632,632,2.0913646566998914,8.095955829597605,0.00011293276872864313,0.35447218736487535,2314.625656864421,1.5804703261571773,2.1860361389204814,1.934571398963677,0.060598559737213814,group_0
633,633,2.1443205783571666,8.536239560718993,0.00011174768823582438,0.6013285453972115,2422.742994116489,1.596053225837546,2.2627016326200735,1.999242581807234,0.043821392761994114,group_0
634,634,2.1611546574354397,8.681155634586805,0.00011056868736967687,0.41044705899682477,2479.9349451176345,1.6002570831267495,2.256554202303083,2.032680820485978,0.04052175912088385,group_0
635,635,2.088057483808153,8.069225329501394,0.0001093957843573922,0.5542280580389706,2519.6128592783975,1.5795074215578289,2.1856827735248263,1.9711423850031247,0.04279432501478547,group_0
636,636,2.1433028082393784,8.527556050833823,0.00010822899733188931,0.7667109228132718,2422.1671562347688,1.5912509155767247,2.2364169587592286,2.015573644547331,0.0516179653124068,group_0
637,637,2.171795608642077,8.774024618984072,0.00010706834433153553,0.6300598843254668,2245.3647899546586,1.5766156916887246,2.2588861616711258,2.036761287419835,0.05269291324337068,group_0
638,638,2.145355901132022,8.545081900495864,0.00010591384329986652,0.40935135144009877,2325.098819629281,1.5852189945981703,2.2316001168770088,2.021629614895527,0.04739722217291886,group_0
639,639,2.1694102196378955,8.753120099753051,0.00010476551208530952,0.8864010708918603,2432.206607422302,1.5859917098113745,2.27051933716648,2.0111977671759687,0.056321842910032775,group_0
640,640,2.1564163325338708,8.640118798379433,0.00010362336844090701,0.8309689416817574,2358.8697597928376,1.611210992886889,2.2501855991867044,1.9898080349948855,0.045576098102780384,group_0
641,641,2.1394597722506203,8.494847236865093,0.00010248743002404293,0.6116030731805824,2301.608261292264,1.577560690314873,2.2014986288494947,1.9579041808023998,0.05559386223109868,group_0
642,642,2.1756209799855197,8.80765280046101,0.00010135771439616909,0.6115740528203933,2443.159012909923,1.5429980166076505,2.2931496627693146,2.0110166176110407,0.049055534596289974,group_0
643,643,2.118294238215993,8.316938665091135,0.00010023423902253349,0.6971282038280103,2441.152410188482,1.5373379153224518,2.2255004014815776,2.001798995089686,0.04646515998769103,group_0
644,644,2.138430804832614,8.486110811356841,9.911702127191128e-05,0.41364725628747745,2492.8447957365834,1.554135415755858,2.2315140483189015,2.0255228634912745,0.05309128531794138,group_0
645,645,2.2229457626776683,9.234493465151496,9.800607841633511e-05,0.4277523234512092,2322.2947905900296,1.5746621543706782,2.320589086028749,2.0868347808091423,0.0477909308938548,group_0
646,646,2.2472482957539484,9.461664280428659,9.690142763082876e-05,0.5101286018175933,2397.49855726433,1.5406224667557733,2.371017423338285,2.1030890712192067,0.05387960897637299,group_0
647,647,2.2417282946071593,9.409579768286518,9.580308599314135e-05,0.5232740572664693,2530.900058211412,1.578516780740609,2.3412518031470393,2.1009740363564546,0.04786187962716086,group_0
648,648,2.1618473444000386,8.687171041088849,9.471107048348395e-05,0.5047822091949329,2452.4098135197646,1.5896641627788113,2.241968828175727,1.985025698088284,0.04715964710801882,group_0
649,649,2.1781828922839135,8.830246163240048,9.362539798426581e-05,0.4615284445257133,2486.420783538628,1.5789184854497749,2.279871380041317,2.005264439263812,0.05693133118554366,group_0
650,650,2.2153804215990727,9.164894972519154,9.254608527983485e-05,0.4511415571487901,2385.988523282794,1.5609434066404202,2.3450475680700342,2.040345917995112,0.04826032101370667,group_0
651,651,2.197461578670645,9.002133264793144,9.147314905621675e-05,0.37806732402860477,2450.3289426792676,1.5676613746666448,2.273796317252105,2.057554355835995,0.05158436311161634,group_0
652,652,2.2385248692594777,9.379485110676045,9.040660590085834e-05,0.6598903994724946,2428.642130318134,1.5711187205063648,2.329264729792724,2.09543825295882,0.04573388939667003,group_0
653,653,2.1902991582152596,8.937886556978277,8.93464723023699e-05,0.4666334342550443,2164.044440075844,1.55727694776679,2.2834082790343064,2.0349928527705137,0.04482955564199544,group_0
654,654,2.245419033713045,9.4443722377772,8.829276465027127e-05,0.6381611122838647,2369.9767920513873,1.6122469964113757,2.324177794817326,2.0885447881482664,0.050097396574311844,group_0
655,655,2.2532494515373456,9.518615918651623,8.724549923473787e-05,0.339530970255445,2360.627197725121,1.5323702236610917,2.3595856859335282,2.0886065836968544,0.039587038528904925,group_0
656,656,2.234770434470364,9.344336468402505,8.620469224634892e-05,0.5161880673351701,2316.111955926808,1.5900990761508267,2.3496803093955596,2.0992718414034512,0.04457991098203046,group_0
657,657,2.2506705586736913,9.494100053469309,8.51703597758372e-05,0.36736594902595554,2414.832312790842,1.5896698050235298,2.3874858264631285,2.0976029427436313,0.04621284562299491,group_0
658,658,2.265395476773079,9.634934240450937,8.414251781384097e-05,0.4993185178366332,2339.2616208643135,1.5566111902023565,2.3405151470647496,2.1384598136525192,0.04713256762021326,group_0
659,659,2.2531345557814713,9.517522332906156,8.312118225065533e-05,0.32769368855253,2366.6178299663297,1.5658203568534799,2.3701915596564134,2.130913620645694,0.048584311105160545,group_0
660,660,2.2394017637105796,9.38771353632692,8.210636887598777e-05,0.7618364838923085,2478.8151570534774,1.5623410675817004,2.3292786847043825,2.0775535768819826,0.05207344150271164,group_0
661,661,2.2234484109458053,9.239136334066131,8.109809337871332e-05,0.6744944197548246,2386.9061113096404,1.5330590674443225,2.334316639335842,2.1006810424460096,0.04927178978990129,group_0
662,662,2.2452423135445096,9.4427033741889,8.009637134663285e-05,0.3111927822603987,2463.711773714847,1.5429183664221837,2.3534837070799095,2.1081925703686992,0.057147917160259985,group_0
663,663,2.254994575739647,9.53524158837358,7.910121826623111e-05,0.6139200741687961,2405.023964628612,1.5683175843146997,2.3602826408487094,2.114752751894101,0.05402090221018081,group_0
664,664,2.3013285213510497,9.987442175125729,7.811264952243776e-05,0.6875009059859333,2384.275079046749,1.549608191644027,2.4055345134106445,2.1436234263546012,0.04994868966060827,group_0
665,665,2.2906545023626386,9.88140296675797,7.713068039838976e-05,0.33332525245142175,2438.9023018413604,1.526436625966615,2.423260614180231,2.151240922827055,0.05247585137023828,group_0
666,666,2.248580591701841,9.47427841842641,7.61553260751949e-05,0.5818329554153704,2395.244240261199,1.573849593757589,2.341322389595437,2.1100326538972607,0.055579460695530145,group_0
667,667,2.2739308426537423,9.717523894482454,7.518660163169682e-05,0.6919342492831201,2425.0976719453975,1.5496418380484043,2.377956235196186,2.1263562837488896,0.050360583584078814,group_0
668,668,2.333680295751847,10.315837088257414,7.42245220442421e-05,0.39472988739781556,2441.132927347729,1.5317328722580135,2.398560796774054,2.1956014160391724,0.04917497317557177,group_0
669,669,2.283878476856134,9.814672666646928,7.326910218644906e-05,0.3810561706614285,2516.9769208232237,1.5472013934607358,2.3959534286450785,2.110008944725141,0.05809313868665841,group_0
670,670,2.2860120490517053,9.83563533408725,7.23203568289773e-05,0.39963228664177086,2499.6368260063678,1.5205299116654103,2.4079583839001235,2.149578920568329,0.051710306188973126,group_0
671,671,2.3216232492182645,10.192205374828337,7.137830063929955e-05,0.2998882417146625,2564.877371938942,1.543247799683556,2.434794306883719,2.154268283742286,0.05091646279262581,group_0
672,672,2.3484918088417297,10.469767400637433,7.044294818147484e-05,0.6798162684575408,2374.4383715025233,1.499002411918741,2.4214611198968066,2.1924876504793,0.049368863973630495,group_0
673,673,2.28364987816237,9.812429301720524,6.951431391592391e-05,0.5768344121969711,2275.0201394007995,1.4990406130395135,2.4092962873040586,2.1586785718389807,0.058854629226900546,group_0
674,674,2.326574994371259,10.242799740213066,6.859241219920462e-05,0.46923548931249304,2413.8344006369134,1.5482154627831315,2.423663469020872,2.18318718872512,0.054850030693842894,group_0
675,675,2.3277163366331166,10.254496954428987,6.76772572837907e-05,0.24042143597503296,2382.387332698085,1.5317669754043641,2.4614062440558113,2.198369952908099,0.050227999314402354,group_0
676,676,2.286995692881898,9.845314855920162,6.67688633178515e-05,0.4258903790188546,2468.716125169894,1.5343512339047458,2.3519434570369837,2.1527202879496867,0.056786436304986816,group_0
677,677,2.3189140518280573,10.164630048993123,6.586724434503274e-05,0.5570004467315227,2385.375082339569,1.5233277867833106,2.4541990302449594,2.211343266475051,0.05351465421112118,group_0
678,678,2.3044171413147065,10.018337275465031,6.497241430423973e-05,0.5597482774228119,2458.314238717027,1.5322080356843806,2.4183242614879834,2.166025621266365,0.048321655666521024,group_0
679,679,2.2917424710404655,9.892159473989244,6.408438702942189e-05,0.5796221914594507,2329.589993808991,1.5386361873693435,2.3932574201705363,2.1346203699052864,0.05187782489063925,group_0
680,680,2.318492093000159,10.160341898386758,6.320317624935873e-05,0.3479505152643789,2460.730812326683,1.5375912646200844,2.4154886961395343,2.153339993428088,0.05411132858885337,group_0
681,681,2.299760531813383,9.971794241391262,6.232879558744803e-05,0.8301606045275032,2435.8450207785095,1.5475938997722942,2.4074279302423824,2.1469494054806364,0.054943124427931436,group_0
682,682,2.342970123579836,10.4121159533372,6.146125856149433e-05,0.5084849117318948,2440.8760654135967,1.5222794147574228,2.430539771287767,2.1805606601470937,0.0463411473149245,group_0
683,683,2.350276899051834,10.488473571059883,6.060057858350077e-05,0.3415022200429987,2494.2190906619708,1.5522065787605372,2.438123515067145,2.180773676513313,0.05539066263404625,group_0
684,684,2.3303761740195656,10.281808554913773,5.974676895946167e-05,0.4001592339559237,2376.781181340756,1.5534213695541113,2.415525530549936,2.171269224043637,0.051299168379214596,group_0
685,685,2.3179486045740387,10.154821370466962,5.889984288915632e-05,0.4148704693170678,2399.3755926884237,1.5550940168579763,2.416879062528719,2.168471183354349,0.04064929212284959,group_0
686,686,2.261335635750844,9.595897234811774,5.805981346594526e-05,0.2771557770314096,2391.4228254620316,1.546181364514596,2.338268389067823,2.114478316188788,0.053623308173618545,group_0
687,687,2.3586567012240782,10.576734191464372,5.7226693676567946e-05,0.5595524771710764,2422.6595068297993,1.5171717561930784,2.451065032599213,2.209555431661684,0.042963170478234246,group_0
688,688,2.3449042084549867,10.43227335610123,5.640049640094171e-05,0.6643408517486917,2356.726895498412,1.5182230029224508,2.4288785098561028,2.2276637653617466,0.04195623166639119,group_0
689,689,2.334207981583911,10.321282045821901,5.558123441196299e-05,0.46211762016166585,2512.8740661159522,1.5274620944759294,2.4621691495845277,2.157799506474698,0.048532397700623994,group_0
690,690,2.3815260566084167,10.82140434524491,5.476892037530931e-05,0.4442332274832294,2441.511088261498,1.4864180978750388,2.4667579619220885,2.2296183600412633,0.04146709725474442,group_0
691,691,2.3488695143759193,10.473722636636573,5.3963566849244164e-05,0.4631964728492354,2403.976931947543,1.5463344599436384,2.4420417340687806,2.2051768931611,0.052893609507570834,group_0
692,692,2.367851622219385,10.674434913599727,5.316518628442226e-05,0.6789321900698018,2497.672094549502,1.4973790443045427,2.4215616593961693,2.2191219801911455,0.05012446095753275,group_0
693,693,2.3328651362943416,10.307431462520942,5.237379102369731e-05,0.6097712170653785,2394.670591703417,1.46551932259617,2.4050214015219447,2.1754565145412172,0.05116139833256608,group_0
694,694,2.4166500632617796,11.208249428152447,5.1589393301931235e-05,0.5218052135901251,2486.561223403675,1.5212117619218675,2.5372159681373523,2.2942079259925547,0.04390934856497358,group_0
695,695,2.382270325274253,10.82946137534502,5.081200524580499e-05,0.36503898533402357,2437.607923753528,1.51430053299856,2.4994348613092425,2.2656738331305135,0.047322928826205084,group_0
696,696,2.3591374091958563,10.581819734138108,5.004163887363115e-05,0.4746070788668651,2347.5806603429874,1.4778549774957916,2.4890880380014893,2.1830504823428645,0.04943209588652294,group_0
697,697,2.3598143911569593,10.588985860609249,4.92783060951677e-05,0.5748136024866937,2336.6247355912983,1.5301358165590813,2.4523164429881326,2.224144383110972,0.046372945821512794,group_0
698,698,2.380772783568921,10.813255942473518,4.852201871143472e-05,0.287411638687619,2458.581597231532,1.4873411145355966,2.470895582293951,2.243943051450612,0.05467782677053614,group_0
699,699,2.4338817031078803,11.403059574361231,4.777278841453096e-05,0.7771060455404019,2384.7659247595193,1.5249345520550492,2.544448966265387,2.2798408800226153,0.05027128299876416,group_0
700,700,2.419620156314181,11.24158845740995,4.703062678745387e-05,0.3899330951915092,2305.4607795202223,1.496280134337725,2.515226337563264,2.238504607539249,0.05344861575307815,group_0
701,701,2.4582124821133116,11.683907668580876,4.6295545303920084e-05,0.4558174929057144,2402.3769145053466,1.5455070732304534,2.559653511995343,2.284493213216051,0.038432681578801094,group_0
702,702,2.4218638213087242,11.266839132349903,4.556755532818838e-05,0.5851970440689968,2507.756418030505,1.5263742419030981,2.5329909281436294,2.2728650660133405,0.05087100490066971,group_0
703,703,2.417793764351359,11.221075648518696,4.484666811488364e-05,0.2681145123947679,2522.5423998848214,1.4773775817862655,2.5710450984326605,2.3095026721294567,0.051182217601592,group_0
704,704,2.4096729696191725,11.1303205968293,4.4132894808823083e-05,0.3535020548938797,2387.142698634274,1.5282449674229763,2.5302122911826643,2.2653345141237,0.05031339574336466,group_0
705,705,2.43664540525487,11.434617823302368,4.342624644484387e-05,0.42849956901050656,2428.9112859119414,1.4969049291344514,2.5425119729205075,2.2885585203683134,0.056615986510660084,group_0
706,706,2.4361422280456537,11.428865631524852,4.272673394763263e-05,0.7261357618239157,2490.4379058147138,1.5185663874046593,2.520931055903953,2.281647514355432,0.04931104137376123,group_0
707,707,2.452268607119366,11.614665967821836,4.203436813155628e-05,0.4551852839312275,2398.1099499868997,1.5048063161127148,2.5262950353203095,2.266780151734587,0.04938550565357451,group_0
708,708,2.449324072379714,11.580516482237265,4.134915970049514e-05,0.7612335184926289,2381.7864217452898,1.4842634673185684,2.579516775366435,2.2874761398265946,0.041600459984235,group_0
709,709,2.4559139708287425,11.657082915265821,4.067111924767742e-05,0.4529470731434073,2531.3574432290725,1.48712638144612,2.559002765890479,2.3023791205785136,0.05064688278123121,group_0
710,710,2.468792857002842,11.808184078055724,4.000025725551525e-05,0.3623060213330507,2436.4728682800555,1.4796092632401172,2.5769049157831496,2.3289356642699492,0.04826704189044135,group_0
711,711,2.4833559544822448,11.981406076811634,3.933658409544285e-05,0.48924670494411066,2433.4961490183423,1.4756193449027566,2.6065156081410303,2.3472814690167607,0.04777924429519819,group_0
712,712,2.5091652915596514,12.294663316995841,3.868011002775592e-05,0.43967576639457373,2378.787521931236,1.4971412969477313,2.604433377188807,2.3619554075060707,0.05590042429827367,group_0
713,713,2.4622406618583086,11.731067469101681,3.80308452014534e-05,0.465308836197965,2400.289216991857,1.47330317485396,2.5658346206520926,2.2963485871662654,0.048389292743770185,group_0
714,714,2.462390061030076,11.732820211791408,3.738879965408026e-05,0.41036000775513953,2452.9059565053476,1.5192410631942563,2.529302049015093,2.3446702635475956,0.04433677885165465,group_0
715,715,2.4611310342548274,11.718057572224907,3.675398331157215e-05,0.31480622496494126,2441.2888859401082,1.5383018699999833,2.5387557335442152,2.307221158938859,0.04534827213580116,group_0
716,716,2.4714556128674383,11.83966828823983,3.6126405988102755e-05,0.6146936820062873,2324.3877439756243,1.521549600679431,2.5827878560520285,2.2773846910820037,0.04882890738713185,group_0
717,717,2.4817091197135923,11.961690918966433,3.5506077385931e-05,0.5150769841664801,2422.7123157156625,1.500842969479834,2.5698919029980587,2.322873466713771,0.045758931407955006,group_0
718,718,2.4888872784303437,12.04786274240943,3.4893007095251815e-05,0.5169607185707292,2457.427377747747,1.5073719672013406,2.5835442589312465,2.326445957453313,0.04959897822597184,group_0
719,719,2.4414544935664795,11.489740348533667,3.428720459404767e-05,0.48273902642373034,2446.7218370629525,1.4715248566518424,2.550375487870875,2.288842682865548,0.04330747453611025,group_0
720,720,6.429028678403794,619.5718521253114,3.368867924794195e-05,0.3937099890240534,2478.0485488629324,1.5026062375785298,6.50685187768249,6.261263660920755,0.05667807081828485,group_0
721,721,2.487454596995569,12.030614351804468,3.309744031005415e-05,0.3034369754097442,2537.961825299442,1.4647177048344646,2.614754644411336,2.3470642907607235,0.03613965053300602,group_0
722,722,2.5383906211565335,12.659280988635292,3.2513496920857e-05,0.32810129755910233,2338.1041245187716,1.4850591672532978,2.6348981576996255,2.422829949863669,0.05056222581149686,group_0
723,723,2.5078011972007412,12.277903669589467,3.1936858108034886e-05,0.7640246133102666,2487.104407739172,1.4498937784667105,2.6007829083479947,2.3777704755038878,0.05220183880637682,group_0
724,724,2.5249108883850355,12.489782229350393,3.1367532786344814e-05,0.7129038970518414,2423.647378903236,1.5025926536336118,2.604328140626748,2.333409878677358,0.05221687446820176,group_0
725,725,2.5664247712302117,13.019194535451758,3.0805529757477795e-05,0.5583486213884686,2382.3973952143224,1.5009433414800135,2.667199070643465,2.427508193266601,0.061437664046191796,group_0
726,726,2.5171823619724525,12.39362666652177,3.025085770992332e-05,0.5061436871083408,2244.4717799404884,1.471076187616527,2.6115777049771896,2.38637079025759,0.04322316393742078,group_0
727,727,2.4807878411576225,11.950675944338695,2.9703525218835244e-05,0.4911299779218193,2368.073127923521,1.5045963926411208,2.5828076091775873,2.3559386476164796,0.04956550217666763,group_0
728,728,2.5452327361987748,12.746194241682897,2.916354074589843e-05,0.6165045299600577,2503.1267251697377,1.4642846348119292,2.6504157811054467,2.376158019141378,0.038913035468685554,group_0
729,729,2.490804464466001,12.070982892351292,2.863091263919866e-05,0.49873096184678417,2439.805096550524,1.47798469918772,2.615089701857947,2.361875358559323,0.04312988033052673,group_0
730,730,2.4916472085008667,12.081159928894882,2.810564913309316e-05,0.6411249822271097,2507.6371297315445,1.4647125802406582,2.6178109476990947,2.3596917624696427,0.05247347129730911,group_0
731,731,2.63098563163456,13.887451069824321,2.7587758348083655e-05,0.3158963108292404,2258.7492709917333,1.4730274295404078,2.732174438435766,2.4362614169160666,0.04522147253033362,group_0
732,732,2.5658235361985025,13.011369292253303,2.707724829069034e-05,0.5074366541782007,2422.750448247695,1.4870504653186456,2.6681300016579113,2.407461344992685,0.0437213078580684,group_0
733,733,2.549359140134807,12.798898853245154,2.657412685332848e-05,0.4303296271303594,2442.9690770100656,1.501437738492925,2.6336448992185626,2.4148771727825062,0.04728989835989167,group_0
734,734,2.5603372115693444,12.940180158359997,2.6078401814186413e-05,0.5403829306979431,2374.0830237439454,1.4613211231525085,2.6442558804751446,2.4359453179414725,0.05591767661944446,group_0
735,735,2.577947867501389,13.170083652763115,2.559008083710514e-05,0.6082624515569239,2452.9244349669725,1.4670440245381808,2.667847571448958,2.4032034404865743,0.05179186437567497,group_0
736,736,2.5773355591702494,13.162021969190604,2.510917147145975e-05,0.5682299096187268,2494.426288128501,1.4718984702697377,2.6744619628231705,2.4667335337663254,0.04713803135852998,group_0
737,737,2.554012603006906,12.85859684733344,2.463568115204292e-05,0.7042529928984735,2228.798782547758,1.4841331592529117,2.6703036753720837,2.3810020141446024,0.04870612045397635,group_0
738,738,2.524967853528184,12.490493731848208,2.4169617198949902e-05,0.3543064453967379,2411.2846603499797,1.4585339204760717,2.6527052015263606,2.368585929119623,0.05457226120902114,group_0
739,739,2.5948150758511295,13.3941102379393,2.371098681746531e-05,0.5573414680099815,2448.7902213213356,1.476556319503192,2.6870075523178283,2.446937530665764,0.044195829530058975,group_0
740,740,2.5591654065005986,12.92502567044691,2.3259797097951814e-05,0.8364627931333195,2416.344721857915,1.4614653393538377,2.6174866829399384,2.4178381134048386,0.056884940316555825,group_0
741,741,2.5763468422907865,13.149014887122203,2.281605501574033e-05,0.7511481849421924,2347.4397979715727,1.4041558736529058,2.6582599392199486,2.3911458524607254,0.044941923076164354,group_0
742,742,2.6097779599411957,13.59603165298405,2.2379767431022624e-05,0.7444306681652892,2475.581003939575,1.4458862697205517,2.7202171959969492,2.470147316629304,0.053158874034534565,group_0
743,743,2.540224041320197,12.682512059306566,2.195094108874465e-05,0.5583956435635279,2419.4045452523733,1.4472343312201805,2.6469434380533436,2.4139646492620077,0.05737363414739294,group_0
744,744,2.5801599603079106,13.199249346790486,2.152958261850277e-05,0.5030878667023884,2402.574923737095,1.4652639783998525,2.6987395940023133,2.410434424635936,0.05418110638502447,group_0
745,745,2.569288037506083,13.056525374666514,2.11156985344409e-05,0.7493938649402951,2427.407557321504,1.4681903154141798,2.6628455859522275,2.46144614557838,0.0583307048899922,group_0
746,746,2.5866152085613763,13.284729378665805,2.070929523515022e-05,0.3077656350605501,2324.7200385993397,1.4620147478575052,2.6871836711923764,2.4283606314779376,0.04855541076840386,group_0
747,747,2.5891903819454294,13.318983946972406,2.0310379003569712e-05,0.5578331926932615,2388.0973780082495,1.4697967673839367,2.7296612977225916,2.436018854034896,0.04807636155090883,group_0
748,748,2.6206737550771,13.744981216919035,1.9918956006889505e-05,0.40897580523788296,2516.823219197315,1.4721795932679016,2.718649101426803,2.49961758030852,0.04702816126863103,group_0
749,749,2.564633437640422,12.995893690991863,1.953503229645537e-05,0.46300514510166896,2364.2167019522694,1.4643847056457777,2.6662512240019103,2.421530148916559,0.047962013727751655,group_0
750,750,2.604212587444322,13.520574839754989,1.9158613807675126e-05,0.17256292667523698,2442.593749177458,1.435042396028676,2.6692700215847833,2.4354349808428895,0.04432925092334467,group_0
751,751,2.5559659697282324,12.883738950377232,1.8789706359926746e-05,0.3381796717051805,2496.417529076557,1.4477586114272325,2.6314873699197285,2.3868283767270317,0.05084152360175109,group_0
752,752,2.6056700553178427,13.540295010482293,1.8428315656468615e-05,0.7117833831619393,2505.361986278639,1.4130876966049695,2.693712831678684,2.462087607565842,0.0423639563862945,group_0
753,753,2.5915091162158084,13.349902964136149,1.8074447284351454e-05,0.5660064018036153,2340.670681698052,1.4620299030537969,2.7018124484173778,2.470694467313085,0.0454080977220378,group_0
754,754,2.6044330313550295,13.523555696691487,1.7728106714331623e-05,0.5211589943314264,2427.2008767645993,1.4451844805277356,2.7282482313069125,2.422055876464608,0.047757553320587544,group_0
755,755,2.6504323201940743,14.160159045000757,1.738929930078663e-05,0.47901291993982004,2333.8074162247813,1.4932253861863163,2.7700308436964156,2.505821030006144,0.05202775535273838,group_0
756,756,2.605058136253398,13.532011980357657,1.705803028163245e-05,0.48409564604639566,2453.854942325231,1.4465127757330225,2.6328887594849166,2.467865192948518,0.055699946347393975,group_0
757,757,2.664789271637976,14.364922130515634,1.673430477824282e-05,0.6238049840247712,2501.3459332080056,1.4315325932081708,2.731570669176748,2.5223802825619104,0.04534912697569268,group_0
758,758,2.661392246407485,14.316206917854387,1.6418127795369306e-05,0.3923108074419662,2386.8694745179646,1.424425282948971,2.7778512642200712,2.4702088762330727,0.045362609989025866,group_0
759,759,2.659210313048575,14.285003962171553,1.6109504221064666e-05,0.752545235342878,2483.3010424599042,1.4339373749747941,2.795588632832089,2.526853472531337,0.041938988787073035,group_0
760,760,2.6327377875359628,13.91180537921447,1.5808438826606934e-05,0.701098310620043,2341.9597212876797,1.420224841596259,2.71098388739657,2.4845111188313806,0.055366411132100724,group_0
761,761,2.6316899082313236,13.897235121536406,1.5514936266425626e-05,0.6044367891645741,2411.5558643072263,1.4322017935568678,2.7470043488398526,2.490635180782651,0.0483214287238252,group_0
762,762,2.666794422809681,14.393754868295577,1.5229001078030134e-05,0.43392863104120627,2354.5417766681217,1.4336823462436497,2.751233903200412,2.480150914998038,0.046897144489174716,group_0
763,763,2.6918625585327614,14.759140098009482,1.4950637681938933e-05,0.5013624206233928,2454.465406615329,1.4583255524298298,2.795072406705289,2.4910782520789034,0.04990406096724106,group_0
764,764,2.6498503927298165,14.151921256684316,1.4679850381612046e-05,0.24741567282918242,2417.747570401861,1.465539402487513,2.761954617883677,2.495463979348502,0.05082121353393974,group_0
765,765,2.6167069618129624,13.690565716885901,1.4416643363383886e-05,0.6633875369827902,2342.111159005433,1.4317179390563899,2.702541697756146,2.45871878117129,0.052204643503492514,group_0
766,766,2.738559155380804,15.464686825225947,1.4161020696398687e-05,0.4011451266689666,2297.7067670071856,1.4313608413582388,2.8492400334275416,2.560858156380843,0.05805415847798951,group_0
767,767,2.659328092759269,14.286686544890589,1.3912986332547736e-05,0.7260297058999159,2377.755295429261,1.4349058371785899,2.7783141859087443,2.478039687605909,0.048166652231080395,group_0
768,768,2.7062911960984755,14.973638117083148,1.3672544106408214e-05,0.06296640137275678,2429.191977030884,1.4545726070940774,2.817433381117774,2.5599889540349903,0.04963256122956826,group_0
769,769,2.660796970476709,14.307687360451494,1.3439697735183954e-05,0.3130947712450501,2367.5424825641103,1.4491327775057263,2.761800093517799,2.5254294916652587,0.05308077259123095,group_0
770,770,2.6714312976398094,14.460651884640564,1.3214450818647725e-05,0.5847266075223998,2354.0809278262304,1.4494275299604962,2.7851651613456845,2.495795596897134,0.04584193819828733,group_0
771,771,2.726524000012267,15.279682427965255,1.2996806839085966e-05,0.47708856719426523,2289.116434027289,1.4506867921849822,2.8246484538613923,2.576178047355466,0.053573971522312004,group_0
772,772,2.664486870785843,14.360578822565655,1.2786769161244637e-05,0.5265331809359756,2591.637943353279,1.425494224787662,2.781667513670349,2.515081253046305,0.055529510972974906,group_0
773,773,2.6764721151837896,14.533729422885822,1.2584341032277406e-05,0.6216143998047383,2243.6028185627983,1.3941979306875405,2.7819172527409597,2.5591684838802777,0.04993708131187599,group_0
774,774,2.69664590606503,14.82990731153191,1.2389525581695244e-05,0.4943026396518552,2439.1243806821,1.4414271130673098,2.814105354398699,2.56190346569751,0.043950938112840364,group_0
775,775,2.6931534555572068,14.77820493076582,1.22023258213183e-05,0.5795353102757018,2401.2186241869645,1.428144092193886,2.786186324741288,2.536085122853862,0.057869407590087386,group_0
776,776,2.7419498849836965,15.517212396324043,1.202274464522911e-05,0.4826029309221376,2360.705434116166,1.420871875307543,2.8414742177250134,2.602188861842924,0.04776309201428849,group_0
777,777,2.695332630403734,14.810444338122347,1.1850784829727947e-05,0.5758752181048139,2368.558476262956,1.3911680929825125,2.8268065598913217,2.5529909223500087,0.05130695215629241,group_0
778,778,2.6908510670930226,14.74421890174576,1.1686449033289872e-05,0.44219324385898673,2525.799954585511,1.452086417647256,2.7544543868148503,2.5305113929122696,0.0486909671901846,group_0
779,779,2.7352866480212765,15.414161241540977,1.1529739796523806e-05,0.8122138917130982,2476.453871852849,1.400348714634106,2.8730749756846765,2.556796868604387,0.05595705698884718,group_0
780,780,2.6632446640962977,14.342751090642912,1.1380659542132967e-05,0.6461527848971609,2428.5150455115145,1.4492239423880062,2.783994550878689,2.5164245829638103,0.045473870226391835,group_0
781,781,2.750461619761248,15.649854499106473,1.123921057487754e-05,0.5047398790427844,2375.3186617463844,1.4497225892763257,2.890727870028567,2.6180935457381342,0.05265252652838445,group_0
782,782,2.7440598275060997,15.549987387102433,1.1105395081539185e-05,0.2760264522236072,2341.309252368525,1.4185929857689235,2.8568988860472464,2.587376846839889,0.04278174314166064,group_0
783,783,2.714211104819237,15.092698816786008,1.097921513088702e-05,0.3954299468570486,2384.248567504128,1.4120238793384488,2.846259773687024,2.5593767130280805,0.047821155955950836,group_0
784,784,2.703746204666148,14.935578787241043,1.086067267364563e-05,0.5202995011539627,2532.0956137057997,1.4215542182712504,2.823971090506163,2.5737356017967388,0.05025280612724714,group_0
785,785,2.7267868710944074,15.283699542588359,1.0749769542465233e-05,0.6053387932289785,2418.9508663652246,1.4592485945742761,2.843412710992194,2.5859492958735886,0.0456998545316844,group_0
786,786,2.751056084119354,15.659160545598155,1.0646507451892932e-05,0.7447842031743886,2376.833107630355,1.399934471892247,2.8346277329928466,2.573853779469567,0.04857817236040026,group_0
787,787,2.7518462226989926,15.671538341913214,1.0550887998346453e-05,0.48155277734895763,2428.477800528472,1.4217610066421462,2.8711437841258856,2.604284294234903,0.051901780525075374,group_0
788,788,2.698388887489723,14.855778104111698,1.0462912660089458e-05,0.6159887658671008,2293.112831218013,1.4460244056248106,2.7720132251940774,2.5422999091530367,0.06035617427976935,group_0
789,789,2.76218533014968,15.834408576313844,1.0382582797208423e-05,0.5326257047998573,2323.039442055969,1.407449067347023,2.8423628114902626,2.6098556578652627,0.05310556868604916,group_0
790,790,2.7816923372945004,16.146322863837824,1.0309899651592185e-05,0.5744860674603285,2475.0733199846827,1.4206522762223452,2.887099905894329,2.612234213691942,0.044517545364445105,group_0
791,791,2.7781590819586457,16.089374448316057,1.024486434691205e-05,0.4287480054335698,2381.796463933707,1.3969835547334315,2.91190971211866,2.637533274598175,0.05241645069950167,group_0
792,792,2.767694786095247,15.921888314390035,1.018747788860492e-05,0.7564790578249774,2368.238728338166,1.4425268195232015,2.9089647587011296,2.6381781830497295,0.046299855101614336,group_0
793,793,2.744131506233437,15.551102030356079,1.0137741163857526e-05,0.6036513052590956,2256.8140242413933,1.4265558094311372,2.834354267492083,2.6395318202511104,0.04438131732906751,group_0
794,794,2.7649905981530707,15.878890699012247,1.0095654941592847e-05,0.6169157639835237,2396.2829459607397,1.4080965301155097,2.86054720896945,2.594696361572234,0.05417394710407085,group_0
795,795,2.7709847108823604,15.974356390100132,1.0061219872458081e-05,0.7965414927018029,2324.7514875897236,1.3893308697490356,2.881995960588316,2.6271028891944317,0.046878000735865455,group_0
796,796,2.73653929119127,15.433481783687602,1.0034436488814637e-05,0.5137220903437956,2223.2498332808755,1.3852186686022971,2.850493582333857,2.5822204246880722,0.04879254894190795,group_0
797,797,2.789104999637481,16.266454801975947,1.0015305204729948e-05,0.5623737414690684,2416.8254817970083,1.3866231449745388,2.8797048699017456,2.6314589689929164,0.055472642317800525,group_0
798,798,2.7724273873084204,15.99741884931871,1.0003826315971048e-05,0.3857472266180832,2428.5653372614915,1.3857998043911435,2.9020421865722144,2.6120769812903992,0.05272987456410387,group_0
799,799,2.8745904893301395,17.71816685722109,1e-05,0.6501963538560067,2367.222668370217,1.3836827369367917,2.9624630300081387,2.7183477634763014,0.05220185127825188,group_0
